id,order_id,order_item_id,product_id,seller_id,shipping_limit_date,price,freight_value
177,006e43460a55bc60c0a437521e426529,1,08574b074924071f4e201e151b152b4e,001cca7ae9ae17fb1caed9dfb1094831,17/05/2017 01:30,99,43.06
360,00dfb074b5c910fbd08e04691c4b712f,1,4f3b83b83f7fb280fca4f90ba502f50e,001cca7ae9ae17fb1caed9dfb1094831,19/06/2017 19:55,99.5,35.07
967,0240c9d87266e4cabc3bacdcdc6e77e4,1,547b95702aec86f05ac37e61d164891c,001cca7ae9ae17fb1caed9dfb1094831,18/06/2018 09:18,129,34.98
76,002c9def9c9b951b1bec6d50753c9891,1,2d9ff06c8870a518f5f6909774e140fb,00720abe85ba0859807595bbf045a33b,21/05/2018 17:32,78,8.9
77,002c9def9c9b951b1bec6d50753c9891,2,2d9ff06c8870a518f5f6909774e140fb,00720abe85ba0859807595bbf045a33b,21/05/2018 17:32,78,8.9
689,0199edc5b01351df8e73a674aa473ee7,1,83b92639fffd1d55c9e04c77c86d8d2c,00fc707aaaad2d31347cf883cd2dfe10,06/04/2018 04:10,93,8
331,00cb18db3d9c03f8386e7fc70cad2504,1,a3f986f6c4400aa6545d224be435f812,01cf7e3d21494c41fb86034f2e714fa1,18/07/2017 00:30,125.9,18.13
457,011108c8a3d6eee6807f48a2e639439f,1,ea11e700a343582ad56e4c70e966cb36,01cf7e3d21494c41fb86034f2e714fa1,02/05/2017 17:42,593.36,98.13
531,0135675503322d804abef7ec5ed4824b,1,5c6a3e484e7aebf406c2045718dea406,01fdefa7697d26ad920e9e0346d4bd1b,26/10/2017 19:35,104.99,17.98
944,02333096645cf1743050acd043b76e69,1,45f0310974e6082deeda855f91984347,0241d4d5d36f10f80c644447315af0bd,13/08/2018 17:30,119,27.13
267,00ac05fe0fc047c54418098eb64e3aaa,1,78efe838c04bbc568be034082200ac20,0241d4d5d36f10f80c644447315af0bd,22/02/2018 14:30,99.9,23.57
79,002f16b7bc4530031b7d90f791b12d8a,1,d54c5b81fc2b38707588dd4eddc7c594,0241d4d5d36f10f80c644447315af0bd,04/07/2018 17:11,249.9,34.23
825,01e4121d4b2dcfb2ba6b8f367652aee8,1,40161099308e1f5f784d57e2b88b31b5,04aba03279157f6d4e0fe8ccaf21963c,06/11/2017 11:09,98,12.69
303,00bd8cf08fa3998ea6ad6d16c2165822,1,cfbc837967ca671ee87f5243f2a1024d,0509040ea3fe50071181bbc359eb7738,07/12/2017 10:59,21.8,12.48
262,00aa423621f35a9ca6c6240f275b0640,1,e9f2586707fb45ea0f9997c54f585842,0509040ea3fe50071181bbc359eb7738,29/11/2017 15:10,110.9,14.51
420,00fe20fc069833ab95021b46d6862646,1,cd4b1bc1c7c94fdcd94b2a7a87eeb050,056b4ada5bbc2c50cc7842547dda6b51,02/05/2018 21:51,142,8.02
70,002955b0acc63d04f6724a31967e82bd,1,d9bdf643d95cb89844c0da1a0df1d16e,058fd0aa2bfdb2274e05e1ae971dabb6,22/12/2017 15:51,120,15.59
519,012f2c4ca09b101a73e18957c3294cd6,1,a9e9edb1bcac585bfbfa381ce40e5d99,06532f10282704ef4c69168b914b77be,11/05/2017 22:35,1820,81.62
736,01b37f50cf3098b3dd9d0450a188348c,1,11dcc970f7a5581e1bf777b6da3f7096,06579cb253ecd5a3a12a9e6eb6bf8f47,03/07/2018 02:15,68.9,18.28
275,00b1861aeb89afa498404c684148a619,1,7e8067e7e5ce7aec0e2cb7c1a456d112,0691148aee60ca47977c187804f935ae,14/08/2018 08:30,25.79,23.33
276,00b1861aeb89afa498404c684148a619,2,7e8067e7e5ce7aec0e2cb7c1a456d112,0691148aee60ca47977c187804f935ae,14/08/2018 08:30,25.79,23.33
462,0113affd907a209209ab08413bb54226,1,19c91ef95d509ea33eda93495c4d3481,06a2c3af7b3aee5d69171b0e14f0ee87,16/07/2018 20:55,122.99,63.11
110,003d9fc84ad902adf2265248b5ffe1a4,1,3fbc0ef745950c7932d5f2a446189725,06a2c3af7b3aee5d69171b0e14f0ee87,22/08/2018 19:35,66.99,27.75
383,00efb72d8e18533f736e86770705d094,1,3fbc0ef745950c7932d5f2a446189725,06a2c3af7b3aee5d69171b0e14f0ee87,12/06/2018 17:53,66.99,22.97
363,00e1426d4c79f2e022570012c1ff57ed,1,8ec7eb9f181b55edfe7d45092c37a3ef,06a2c3af7b3aee5d69171b0e14f0ee87,28/03/2018 19:08,61.99,24.56
120,0044c6f6d22dd280534344177c81b989,1,01cf56cd6138b926a4802d16fc304149,06e5eefc71ec47ae763c5c6f8db7064f,23/05/2018 17:15,179.93,16.14
819,01dd288e8605af239a3a35e550e89235,1,3006b8f5b476750a03137c1b2755cea1,06e5eefc71ec47ae763c5c6f8db7064f,01/08/2017 08:05,169.99,16.63
728,01b15a896c5842077af2aaf4a9f94309,1,6b6b162b177d0f36987993aecbe1c65f,070d165398b553f3b4b851c216b8a358,29/03/2018 02:15,109.99,19.74
950,023669233121f0fb7899e5be2b22885f,1,6b6b162b177d0f36987993aecbe1c65f,070d165398b553f3b4b851c216b8a358,23/04/2018 04:54,109.99,23.25
952,023669233121f0fb7899e5be2b22885f,3,784c94d1803e49492d2758907914b26c,070d165398b553f3b4b851c216b8a358,23/04/2018 04:54,109.9,19.76
445,010d6db2f77220b394f147836c94f27b,1,9f14f401fce2d9ddd450e7ce60cb7f5f,080102cd0a76b09e0dcf55fcacc60e05,13/07/2018 17:10,14.9,15.23
911,021d0261c214591da7db51193c9aeb29,1,6a595ba787e397469b1a147508f361a9,080199a181c46c657dc5aa235411be3b,26/09/2017 05:15,179.49,9.45
416,00fbcd8b120e5706c58b9d1a0026a7da,1,8afee64dc809d5e833ae113a81774ddc,08061dc0fc165ed41288cc7acde738ee,23/11/2017 04:06,7.9,16.11
64,002691433f09002ac9ca0c4e8dbb8ead,1,430d215740da7fdda91cc938f8fd92f6,0887a9f087bcd5d9f6642b52f897fc6c,06/02/2017 21:18,104,16.43
715,01a75ac3dd000b7628a684be97c29234,1,b5c114b11d53b6fd85a6a90790f0b479,0adac9fbd9a2b63cccaac4f8756c1ca8,29/01/2018 10:59,42.9,15.1
544,013e9c654a339d80b53513da3c1ea437,1,bcac2cdcd851929a5caa3e1508d5abc9,0adac9fbd9a2b63cccaac4f8756c1ca8,22/06/2017 13:55,109.9,13.11
559,0148d3df00cebda592d4e5f966e300cc,1,ed08ea04c92f5f434c2362f7310fb328,0adac9fbd9a2b63cccaac4f8756c1ca8,24/08/2017 19:24,5.53,11.85
560,0148d3df00cebda592d4e5f966e300cc,2,ed08ea04c92f5f434c2362f7310fb328,0adac9fbd9a2b63cccaac4f8756c1ca8,24/08/2017 19:24,5.53,11.85
561,0148d3df00cebda592d4e5f966e300cc,3,ed08ea04c92f5f434c2362f7310fb328,0adac9fbd9a2b63cccaac4f8756c1ca8,24/08/2017 19:24,5.53,11.85
562,0148d3df00cebda592d4e5f966e300cc,4,ed08ea04c92f5f434c2362f7310fb328,0adac9fbd9a2b63cccaac4f8756c1ca8,24/08/2017 19:24,5.53,11.85
563,0148d3df00cebda592d4e5f966e300cc,5,ed08ea04c92f5f434c2362f7310fb328,0adac9fbd9a2b63cccaac4f8756c1ca8,24/08/2017 19:24,5.53,11.85
301,00bd2cb7e9076e1ccc9f766fc01a4cfd,1,1427b126f61597524866770b05d4eed2,0b90b6df587eb83608a64ea8b390cf07,30/04/2018 10:15,98.81,13.81
112,003f201cdd39cdd59b6447cff2195456,1,656e0eca68dcecf6a31b8ececfabe3e8,0b90b6df587eb83608a64ea8b390cf07,05/03/2018 17:10,85,17.03
113,003f201cdd39cdd59b6447cff2195456,2,656e0eca68dcecf6a31b8ececfabe3e8,0b90b6df587eb83608a64ea8b390cf07,05/03/2018 17:10,85,17.03
968,0241b276e1e2b1d6873473c44240b426,1,e53e557d5a159f5aa2c5e995dfdf244b,0b90b6df587eb83608a64ea8b390cf07,05/03/2018 10:31,84,17.03
790,01cce1175ac3c4a450e3a0f856d02734,2,9d0aa87e8df1bdbe0f79353520a2d538,0bae85eb84b9fb3bd773911e89288d54,23/07/2018 20:43,36.23,2.27
857,01f78824e3a8e474a36d8dfc2a2c35f4,1,d3d10495159bcc41173e3d26a273529a,0bae85eb84b9fb3bd773911e89288d54,25/09/2017 10:35,48.65,17.6
119,004345d16a1ab2c21962992c721c8643,1,d0fb1e667e989933a80444f93da833c0,0be8ff43f22e456b4e0371b2245e4d01,10/07/2018 07:31,37.9,15.37
750,01ba9a2e5dcc1568b55695106d677b0c,1,2629c2e1e3a0b360912763741f1bb7ef,0bf0150d5b9d60d9cd2906003332f085,02/03/2017 22:42,59.9,9.41
751,01ba9a2e5dcc1568b55695106d677b0c,2,2629c2e1e3a0b360912763741f1bb7ef,0bf0150d5b9d60d9cd2906003332f085,02/03/2017 22:42,59.9,9.41
409,00f98eaeddb9debc8df8cb27e08216d4,1,01ff1ff8aa5dec93e9938b989393a4ca,0c7533c71df861ec58ad7ff999ed0e8d,26/10/2017 02:56,51.6,9.34
594,0161962c6c561d3acfaa3e2db9a14f96,1,6f7400c1577bd99fb7c9cd196edb6ae2,0c8380b62e38e8a1e6adbeba7eb9688c,18/09/2017 13:50,99.9,25.54
379,00ed64bc080d87b4ab7f0c433bc5e98f,1,fbb1cfc2810efabf3235eccf4530f4ae,0c8380b62e38e8a1e6adbeba7eb9688c,06/06/2017 18:22,44.9,16.11
475,0119e98feb97441cb456c010c25b04ff,1,f5cb4f19ca215fb34aef190918d45f46,0d83f8e03188682112cc0d93523705cc,26/01/2018 14:54,88.9,16.06
129,004ba47bb589cdbc485e6025bd6d3c81,1,8c5876b1c7768217964f353bc7e64393,0db783cfcd3b73998abc6e10e59a102f,29/12/2017 20:48,49,11.85
615,016d1bdf6efab4f6b805df1c03043113,1,9aed412277ca4485a7bf6e0c53e65786,0db783cfcd3b73998abc6e10e59a102f,10/10/2017 20:35,36.9,34.15
86,00324b3eda39ba5ecce3945823e3594c,1,54e5063e43f27f747d592eb24e913150,0dd184061fb0eaa7ca37932c68ab91c5,17/04/2018 09:12,76,34.07
699,019d444bd00f1ccb4643de466f9a1525,1,632fe3d92c45b5c83f4102fadd94ee92,0dd184061fb0eaa7ca37932c68ab91c5,01/04/2018 22:07,138,29.23
446,010e04b5f879320f29a9bd6ca41abc94,1,d04bbac48960ecb7ea311b00ca6e1cb7,0dd184061fb0eaa7ca37932c68ab91c5,22/02/2018 12:06,104,15.48
410,00f9b0236a85fb8a06fbd9b9c53fddd8,1,b74cc46deca5ba8f6a2226df8041a0b7,0ec28cec4046a4a199b6de9b4c891d97,27/04/2018 16:32,146.9,19.72
353,00d88c00221ce96a1cfcaca9f2fceb3b,1,7814c273ab16783d73a9863ebfa8b141,1025f0e2d44d7041d6cf58b6550e0bfa,15/03/2018 23:15,250,97.56
429,01029b44abe6e15c8df48b1b759ab437,1,810e2944bca9850b934e1570ba372e7d,1025f0e2d44d7041d6cf58b6550e0bfa,04/07/2018 00:30,78,15.85
376,00ea690fe8c5eba029a3884243a02352,1,9ecadb84c81da840dbf3564378b586e9,1025f0e2d44d7041d6cf58b6550e0bfa,01/12/2017 20:13,32.99,16.11
482,011bf86f1b7dacebda2c874333cf656b,1,9ecadb84c81da840dbf3564378b586e9,1025f0e2d44d7041d6cf58b6550e0bfa,16/03/2018 19:48,35,19.32
483,011bf86f1b7dacebda2c874333cf656b,2,9ecadb84c81da840dbf3564378b586e9,1025f0e2d44d7041d6cf58b6550e0bfa,16/03/2018 19:48,35,19.32
899,02145cbff48d443165378d41c0e49e48,1,a19b6951c75da43aad691622dd2f6abe,1025f0e2d44d7041d6cf58b6550e0bfa,02/01/2018 16:22,38.4,19.84
900,02145cbff48d443165378d41c0e49e48,2,a19b6951c75da43aad691622dd2f6abe,1025f0e2d44d7041d6cf58b6550e0bfa,02/01/2018 16:22,38.4,19.84
400,00f6ac4816d12f49026b09f2aa77d15f,1,b532349fe46b38fbc7bb3914c1bdae07,1025f0e2d44d7041d6cf58b6550e0bfa,10/08/2018 17:30,35,19.44
401,00f6ac4816d12f49026b09f2aa77d15f,2,b532349fe46b38fbc7bb3914c1bdae07,1025f0e2d44d7041d6cf58b6550e0bfa,10/08/2018 17:30,35,19.44
402,00f6ac4816d12f49026b09f2aa77d15f,3,b532349fe46b38fbc7bb3914c1bdae07,1025f0e2d44d7041d6cf58b6550e0bfa,10/08/2018 17:30,35,19.44
915,021f21b778ea0a81da47ebe141b1b29c,1,b532349fe46b38fbc7bb3914c1bdae07,1025f0e2d44d7041d6cf58b6550e0bfa,03/11/2017 16:49,38.4,12.69
916,021f21b778ea0a81da47ebe141b1b29c,2,b532349fe46b38fbc7bb3914c1bdae07,1025f0e2d44d7041d6cf58b6550e0bfa,03/11/2017 16:49,38.4,12.69
917,021f21b778ea0a81da47ebe141b1b29c,3,b532349fe46b38fbc7bb3914c1bdae07,1025f0e2d44d7041d6cf58b6550e0bfa,03/11/2017 16:49,38.4,12.69
716,01a921eb5bf5df0c2990e62563ceca49,1,c7fd13b5e515bffdab855d0812842edb,1025f0e2d44d7041d6cf58b6550e0bfa,01/12/2017 21:13,69.99,9.36
717,01a921eb5bf5df0c2990e62563ceca49,2,c7fd13b5e515bffdab855d0812842edb,1025f0e2d44d7041d6cf58b6550e0bfa,01/12/2017 21:13,69.99,9.36
526,0132d77609dd6e1867515ec57d898c10,1,cdd68c0ef3e507db79631336cf9ec285,1025f0e2d44d7041d6cf58b6550e0bfa,04/10/2017 01:28,78,21.35
397,00f57f2ccce2a2e3f393fe8f5e616e0d,1,d6dc2dcbb3ef25e47ef82f3c013ab820,1025f0e2d44d7041d6cf58b6550e0bfa,12/07/2018 22:15,225,60.81
694,019bdbaef5b5121c9b1811976aa510a5,1,eb6c2ecde53034fc9ec47741b3232c9d,1025f0e2d44d7041d6cf58b6550e0bfa,16/05/2018 03:30,35,19.32
695,019bdbaef5b5121c9b1811976aa510a5,2,eb6c2ecde53034fc9ec47741b3232c9d,1025f0e2d44d7041d6cf58b6550e0bfa,16/05/2018 03:30,35,19.32
274,00b12f4674177ef40c4bdb034138c843,1,eb883e95b710f252cb15d0fb41d8bbe9,1025f0e2d44d7041d6cf58b6550e0bfa,20/07/2018 20:04,105,17.87
922,0222b443ebbd702540abbaf4f5ff7edf,1,f9b178c9fdc90bbcfbd6c6b49ed47d4c,1025f0e2d44d7041d6cf58b6550e0bfa,26/07/2018 21:55,70,27.26
880,020bc32fbdded2a43147c70a5eb3ec21,1,4c2065301aac51ff9004422acc07765d,1127b7f2594683f2510f1c2c834a486b,19/07/2017 22:15,98.8,17.94
839,01ea9d9ce4b86204f82b79184897371c,1,4c99d6df98c5f4960cae6fd9f8603bd3,1127b7f2594683f2510f1c2c834a486b,29/03/2017 17:50,46.3,18.63
340,00d0ff2017f9ea13dd7eec7470ca473a,1,1809be4f054d8243278d6c83207696ee,11bfa66332777660bd0640ee84d47006,02/07/2018 02:55,56,18.69
792,01cec5c50d2d0e069a3227efba9f16f7,1,c30af44af15fb162e1ee0233c7e5d583,11bfa66332777660bd0640ee84d47006,21/09/2017 11:03,73,15.26
796,01d0f6cd01d79574621a56a1b9e21019,1,266f0c6925e7873790f11b920c701190,128639473a139ac0f3e5f5ade55873a5,28/09/2017 19:35,17.9,16.79
770,01c22546c4f9914e232006df82d96e0f,1,35ebf08a93899d44e756809e11b14754,128639473a139ac0f3e5f5ade55873a5,14/09/2017 16:55,17.9,15.1
321,00c8be06a8029e300dabd52c7d4c6ad2,1,5d66715cc928aadd0074f61332698593,128639473a139ac0f3e5f5ade55873a5,15/02/2018 01:48,19.9,15.1
832,01e7138289b75d9624b04dfe12379c1d,1,5d66715cc928aadd0074f61332698593,128639473a139ac0f3e5f5ade55873a5,07/02/2018 20:14,19.9,12.48
833,01e7138289b75d9624b04dfe12379c1d,2,5d66715cc928aadd0074f61332698593,128639473a139ac0f3e5f5ade55873a5,07/02/2018 20:14,19.9,12.48
469,01156b662f3f47b249b5a8881d205f08,1,6a8631b72a2f8729b91514db87e771c0,128639473a139ac0f3e5f5ade55873a5,19/09/2017 20:50,27.9,15.1
310,00c2335723b9b74668062e946dc66621,1,b944aabf1fc45c01599ee96c7f4d533e,128639473a139ac0f3e5f5ade55873a5,09/01/2018 04:28,18.9,12.48
65,0026a368634b6e6f34f33b1499773a30,1,892832da5b05b0f54578e1f14f193c22,12b9676b00f60f3b700e83af21824c0e,10/11/2017 21:26,149,15.8
307,00bf1320ffb5fe47a845feca16c0e0b4,1,7289a8d65ae2c86dfdee27f8af257a3d,13fa2a6c6b9d0f43cb588d7c82117a12,04/10/2017 15:49,449,20.39
682,01978b8bae8292ffb4cee6abdf9b9089,1,7bcf2266b78ccc737b8f26f925d3c5d4,1464afc72f696af775557a821c2e253f,18/12/2017 03:57,42.9,15.1
30,0013503b13da1eac686219390b7d641b,1,38afdf723b95d455b418a0f57d623c6b,1554a68530182680ad5c8b042c3ab563,13/12/2017 03:16,119.9,17.32
864,01fba151a6fa8315ff6dc6f29fe2f2d4,1,c1488892604e4ba5cff5b4eb4d595400,1554a68530182680ad5c8b042c3ab563,14/07/2017 14:23,38.5,19.88
795,01d0cbd002be92b5a970cb8f233349c2,1,e2acf075e3634e6f0c26e4e88c1bf9d7,1554a68530182680ad5c8b042c3ab563,27/07/2017 14:50,329.9,46.39
980,024602a52e3c89ca5f963affcd2bedad,1,1613b819ab5dae53aead2dbb4ebdb378,16090f2ca825584b5a147ab24aa30c86,10/07/2018 20:30,27.9,18.3
465,011405ae7b89def8ffb3468eb29c299d,1,3cb39171fd36c50097f2dedbbe0dfe6e,16090f2ca825584b5a147ab24aa30c86,10/05/2018 13:50,29.99,7.87
547,01422b2c3c27fa3bc464e72eaed9676b,1,3cb39171fd36c50097f2dedbbe0dfe6e,16090f2ca825584b5a147ab24aa30c86,13/04/2018 10:30,28.49,18.23
225,0094dc9ea7e3cd54d95aea42685673ff,1,464383c22e65860826cf78650fe0f4e4,16090f2ca825584b5a147ab24aa30c86,15/03/2017 21:55,89.99,14.8
29,00130c0eee84a3d909e75bc08c5c3ca1,1,89321f94e35fc6d7903d36f74e351d40,16090f2ca825584b5a147ab24aa30c86,14/06/2018 05:16,27.9,7.94
215,008f831b7185cff7ab35a46c37d64cd2,1,23f91e3d76be3938bfad0ff292392502,1690cada046eb7e92c12f98b1f8a8167,03/07/2018 11:50,249,37.09
480,011b142c9e082a5c1d10e0a88cd9c8e8,1,4cb33e9787e8a38b82bd68e70f5f4700,17e34d8224d27a541263c4c64b11a56b,29/03/2018 11:55,243.37,53.83
228,009742b43f4530bc3db7f62332c50f4b,1,ee3e94e918d05a5da04a4cb547e91dcc,17e34d8224d27a541263c4c64b11a56b,01/11/2017 03:09,133.74,12.44
580,0152de20f6e09fb1133847df8babd490,1,fb19ac22e32dfecea21afbdde4b97b5f,17e34d8224d27a541263c4c64b11a56b,13/08/2018 22:50,211.05,14.14
941,0231f6b89e5798ff6c0dfb1e18a94da9,1,aed75ad669fbebd5a385ac7cc2ae7573,17f51e7198701186712e53a39c564617,20/08/2018 12:50,550,98.77
991,024d4ef645f204e4f95cb2a0d9cc61f9,1,5b226d7c52f86ac72457617f78cff95d,1835b56ce799e6a4dc4eddc053f04066,07/11/2017 04:10,56.99,16.16
992,024d4ef645f204e4f95cb2a0d9cc61f9,2,5b226d7c52f86ac72457617f78cff95d,1835b56ce799e6a4dc4eddc053f04066,07/11/2017 04:10,56.99,16.16
80,002f19a65a2ddd70a090297872e6d64e,1,9eae06d51aaa383b2bed5547a19d581c,1835b56ce799e6a4dc4eddc053f04066,27/03/2018 13:15,53.98,23.31
873,020550d9cdfb7110d07fd1a1f8937c6e,1,de7034010d180a33f04a16b235281265,1838dd9b8977065acf51d95e0053ea7a,08/09/2017 18:04,28.9,13.37
756,01bbfee76e5e3f96f008c781c2c17bcf,1,28beefcab28e6a3b659bae1bf1cbe453,18a349e75d307f4b4cc646a691ed4216,30/03/2018 11:27,25,11.15
229,00975e709cd12c34d3bd44e4a7f7a876,1,eaa26a34984cbfedc19b1e45f09f3c9a,18a349e75d307f4b4cc646a691ed4216,30/08/2017 13:05,86.8,7.86
450,010efe60bdadc9261d1902f3c1dda5f3,1,fea7f0c147905a41ca324c0e3234a4c7,18a349e75d307f4b4cc646a691ed4216,20/06/2018 17:00,110,18.65
566,014a0793ab3d930d6f3b206cee474af4,1,145978af3e89b318be0b717a0953649a,18e694e0e48ed6f7aa3f24aade5fd697,28/06/2018 23:17,19.9,18.24
621,0170e40334131d971605ae70efb33e4f,1,145978af3e89b318be0b717a0953649a,18e694e0e48ed6f7aa3f24aade5fd697,25/07/2018 04:35,19,18.23
680,019636907d07b2433be000d9d6bed153,1,2b0ee2d07306f7c9ac55a43166e9bb4b,1900267e848ceeba8fa32d80c1a5f5a8,22/11/2017 16:08,59.99,12.76
990,024d4903890a56c2e98df63a32206bd9,1,2b0ee2d07306f7c9ac55a43166e9bb4b,1900267e848ceeba8fa32d80c1a5f5a8,09/11/2017 09:50,59.99,16.18
730,01b1a7fdae9ad1837d6ab861705a1fa5,1,3fae92f8d0ebb3317991934a6d717c47,1900267e848ceeba8fa32d80c1a5f5a8,02/06/2017 16:02,49.99,16.17
969,024319cfbf2156b9b8a0a50c3aef45b7,1,91c82ace62e0ca1b69b1a45bcc214b45,1996942dc085d7773ba77a529b163cd0,14/06/2018 20:31,169.99,19.07
959,023b3575b6649cf01cb239c0e9603262,1,25f86162fee18735fffdb762dcb10d7c,1a3df491d1c4f1589fc2b934ada68bf2,05/01/2018 01:28,149.9,21.54
394,00f324f6ec332cd73ef8be4888573662,1,2a2d22ae30e026f1893083c8405ca522,1a3df491d1c4f1589fc2b934ada68bf2,09/07/2017 22:03,134.9,21.43
624,01719300f9ca182b8361556a3873d8ed,1,68bf2e76db1d8e846042e54da87399ca,1a3df491d1c4f1589fc2b934ada68bf2,06/09/2017 04:30,85.9,17.85
403,00f6dbc6195397197ee147ee45607a2c,1,4e64dbe0b03dc0aba80f28b0b922c6b6,1b4c3a6f53068f0b6944d2d005c9fc89,09/05/2017 11:15,49.9,14.52
573,014f1e63f9bd4f5578edcf4e5c305a0a,1,c9bd28e8a4220af0723c7b7f97778681,1b4c3a6f53068f0b6944d2d005c9fc89,13/04/2017 20:30,129.9,18.34
684,019886de8f385a39b75bedbb726fd4ef,1,e9a69340883a438c3f91739d14d3a56d,1b4c3a6f53068f0b6944d2d005c9fc89,15/02/2018 13:08,159.9,28.5
894,021363783b521e9813dd62bbcb77d1dd,1,acef497c1130f71ccfe63aaa1c9a607d,1b7e5006cb25dd23ce8686691013b121,01/03/2018 15:27,559.99,19.36
956,023ae47e11483bdb8aa35fa4662aee1c,1,00ab8a8b9fe219511dc3f178c6d79698,1b8356dabde1d35e17cef975c3f82730,19/04/2017 02:43,89.99,22.1
162,00664284de7a3470d22931ed78615ee4,1,205604b962ebdae1c924e0d14e6e8ac1,1b938a7ec6ac5061a66a3766e0e75f90,28/09/2017 13:30,43.9,11.85
778,01c7b08f0c05952ce15edb928bb63d2d,1,edd087ed331c3ce178ec3489b9ecf117,1bb2bdb95f4841f1bba2c0d2cd83d3c9,06/04/2018 17:10,274.95,26.04
21,000e63d38ae8c00bbcb5a30573b99628,1,553e0e7590d3116a072507a3635d2877,1c129092bf23f28a5930387c980c0dfc,29/03/2018 20:07,47.9,8.88
292,00b9e0f8f588d0406a3de447eb606970,1,5d90b82ad1fdff812987fa28158b7984,1c129092bf23f28a5930387c980c0dfc,29/01/2018 03:37,39.9,16.6
858,01f7d29898cf7c5fcb583a2a29508202,1,5d90b82ad1fdff812987fa28158b7984,1c129092bf23f28a5930387c980c0dfc,15/12/2017 01:19,39.9,11.73
395,00f33ee62c15223679d3550e751c37cd,1,ec2d43cc59763ec91694573b31f1c29a,1c129092bf23f28a5930387c980c0dfc,30/11/2017 16:31,39.5,15.11
981,0246b043b8ae041912cc7651ceb1ba2f,1,ec2d43cc59763ec91694573b31f1c29a,1c129092bf23f28a5930387c980c0dfc,01/11/2017 11:16,45.9,15.11
554,01443cd06ea8bce82c554a46f307459f,1,f77dd338d9f75229a09cbb9a18fd0c9a,1c129092bf23f28a5930387c980c0dfc,10/01/2018 14:32,25,14.1
313,00c47cfa491ef55779ec7557673087fc,1,e62d582ddb7630168d7227ca1f9edbd2,1c56ffe0e9dea2657fc6e95b53f40b13,27/07/2018 13:31,59,13.07
253,00a57dfbb049fbaae10763e2cf15f797,1,56cdfe67fbda57c1dcc752f5f361f981,1c68394e931a64f90ea236c5ea590300,26/07/2018 03:25,89.9,22.56
254,00a57dfbb049fbaae10763e2cf15f797,2,56cdfe67fbda57c1dcc752f5f361f981,1c68394e931a64f90ea236c5ea590300,26/07/2018 03:25,89.9,22.56
255,00a57dfbb049fbaae10763e2cf15f797,3,56cdfe67fbda57c1dcc752f5f361f981,1c68394e931a64f90ea236c5ea590300,26/07/2018 03:25,89.9,22.56
617,016e4acfc34b9f2abc69795f47c92f0e,1,b1cbf530dc2a793ced8e0768ffcce501,1ca7077d890b907f89be8c954a02686a,21/09/2017 14:10,45,7.78
888,020f8f4df303ae8aa39b806b766d2681,1,b1d207586fca400a2370d50a9ba1da98,1ca7077d890b907f89be8c954a02686a,03/01/2018 10:10,149,14.79
822,01dfa7b5bb8dcd546273e480c27043bc,1,035df2b15f358d231e00af9e62488cf4,1d1bbb8ac1581824986f582583fff01d,04/05/2018 10:15,51.4,14.59
163,0066a1fdaee16ad5022c5ef979d0b661,1,2fb0efd1f61f186ffdda9e8ec70f27f2,1d8dbc4f32378d715c717c1c1fc57bae,14/06/2018 20:17,139,87.28
768,01c18108db50c163daf7dfe461093fb7,1,b042c934bd8f4316e7b38633aa14266b,1d8dbc4f32378d715c717c1c1fc57bae,30/06/2017 18:05,109.9,18.02
719,01aa38b66d95377a4f276f78742aca15,1,e7db7c40ea6647c808d48581f1308d88,1d8dbc4f32378d715c717c1c1fc57bae,07/03/2018 13:30,109.9,12.72
249,00a379dfab816a83741012b71b264098,1,786248c98cab9ad5cccdb751909da1af,1da3aeb70d7989d1e6d9b0e887f97c23,07/08/2018 20:04,15.99,7.39
583,0159b449009b3f8748ed7c56e9d84afe,1,83b23a333b811855258c5ec9431f6d3e,1da3aeb70d7989d1e6d9b0e887f97c23,04/01/2018 13:49,16,7.78
210,008d9bf350ff02ed444b3452cf3f57e0,1,efec0b0b076ce3f164b80145743ebc02,1da3aeb70d7989d1e6d9b0e887f97c23,12/06/2018 09:11,9.99,15.23
211,008d9bf350ff02ed444b3452cf3f57e0,2,efec0b0b076ce3f164b80145743ebc02,1da3aeb70d7989d1e6d9b0e887f97c23,12/06/2018 09:11,9.99,15.23
189,007bbb40c95870c0f75a7855f2636c65,1,0ec7b6a863e219792bc4d50d3a62a839,1e8b33f18b4f7598d87f5cbee2282cc2,30/04/2018 11:31,148.9,13.95
500,0124e0c5bfae1979838a91e47df53f14,1,0bcc3eeca39e1064258aa1e932269894,1f50f920176fa81dab994f9023523100,14/02/2018 16:31,49.9,12.48
14,0008288aa423d2a3f00fcb17cd7d8719,1,368c6c730842d78016ad823897a372db,1f50f920176fa81dab994f9023523100,21/02/2018 02:55,49.9,13.37
15,0008288aa423d2a3f00fcb17cd7d8719,2,368c6c730842d78016ad823897a372db,1f50f920176fa81dab994f9023523100,21/02/2018 02:55,49.9,13.37
320,00c842d0ae6462afc1d38fc055b02c75,1,368c6c730842d78016ad823897a372db,1f50f920176fa81dab994f9023523100,14/11/2017 17:55,59.9,17.67
648,017cf0b342401318dcaeb25478e13a6f,1,368c6c730842d78016ad823897a372db,1f50f920176fa81dab994f9023523100,10/01/2018 23:17,49.9,17.6
732,01b241fa1421c8284e8c1029a503360f,1,368c6c730842d78016ad823897a372db,1f50f920176fa81dab994f9023523100,06/12/2017 00:25,59,17.66
127,0049edf42837aa808e03552a62bd2158,1,389d119b48cf3043d311335e499d9c6b,1f50f920176fa81dab994f9023523100,05/01/2018 12:48,49.9,17.6
763,01be6ff226324644f283dfab69369848,1,389d119b48cf3043d311335e499d9c6b,1f50f920176fa81dab994f9023523100,14/03/2018 12:15,53.9,56.93
509,012b3f6ab7776a8ab3443a4ad7bef2e6,1,422879e10f46682990de24d770e7f83d,1f50f920176fa81dab994f9023523100,09/05/2018 21:30,53.9,0
510,012b3f6ab7776a8ab3443a4ad7bef2e6,2,422879e10f46682990de24d770e7f83d,1f50f920176fa81dab994f9023523100,09/05/2018 21:30,53.9,0
776,01c4f4e08d9e8b7c5bd47e612285993f,1,422879e10f46682990de24d770e7f83d,1f50f920176fa81dab994f9023523100,30/11/2017 04:30,49,13.41
870,0204196a1fd266bdc00356eb791b4516,1,422879e10f46682990de24d770e7f83d,1f50f920176fa81dab994f9023523100,30/11/2017 18:54,49,17.64
871,0204196a1fd266bdc00356eb791b4516,2,422879e10f46682990de24d770e7f83d,1f50f920176fa81dab994f9023523100,30/11/2017 18:54,49,17.64
381,00eef7fe9e315a85d1a61a50cccb2494,1,53759a2ecddad2bb87a079a1f1519f73,1f50f920176fa81dab994f9023523100,15/02/2018 13:28,49.9,13.37
447,010e7dda85fff564e8b7076ae3928efb,1,53759a2ecddad2bb87a079a1f1519f73,1f50f920176fa81dab994f9023523100,05/12/2017 14:31,49,17.67
448,010e7dda85fff564e8b7076ae3928efb,2,53759a2ecddad2bb87a079a1f1519f73,1f50f920176fa81dab994f9023523100,05/12/2017 14:31,49,17.67
498,0123a055aa66357326dd6db066592a7d,1,b0961721fd839e9982420e807758a2a6,1f50f920176fa81dab994f9023523100,03/05/2018 03:55,53.9,33.93
499,0123a055aa66357326dd6db066592a7d,2,b0961721fd839e9982420e807758a2a6,1f50f920176fa81dab994f9023523100,03/05/2018 03:55,53.9,33.93
280,00b44ba3d7c4a5e9a9ebafef9150781d,1,d9a5a5120d4d357871acd5408cb10e18,20d83f3ef0e6925fd74bfd59170babf7,30/08/2018 21:25,59.9,7.68
794,01d0aabab5da85da61bbd4d40882b82c,1,57fcacc3434a1f2f2b039c1b4e61f5e1,2138ccb85b11a4ec1e37afbd1c8eda1f,31/08/2017 19:31,18.9,14.1
258,00a843f5a80c7aea894c558acc29f513,1,6536314c94d43b787fc1c622941da14b,2138ccb85b11a4ec1e37afbd1c8eda1f,08/09/2017 18:55,32.99,14.1
415,00fb278a99144cc1004b3ed1452ff5e1,1,eb551aa4ed7eb5e2839d5b7d2896bece,2138ccb85b11a4ec1e37afbd1c8eda1f,10/03/2017 09:35,19.99,10.96
831,01e6f40a293da5a9dc11e49695c7541d,1,f7ac498363699addc5ff78eadee46977,2138ccb85b11a4ec1e37afbd1c8eda1f,05/06/2017 04:30,48.99,15.1
706,01a1553cddb473cec004af5ce2192f1c,1,ecd7770e1f7f64ee8c295da808d2ce5b,213b25e6f54661939f11710a6fddb871,01/08/2018 03:23,79.9,38.83
362,00e0bac9f6306d8269770acf4ee4b027,1,2e1963427978dab49b4bcb0a07b109cc,2156f2671501a81034d7d07f217609d0,12/03/2018 03:49,79,15.3
504,0128412231f9fe9d7e944eea5392fc6b,1,09fbb9fc5bffc1ce6dc2f66289dfcb05,218d46b86c1881d022bce9c68a7d4b15,28/08/2018 03:15,76,18.83
686,0198c71148c2e08c7c52b860f640fa4e,1,138d7037b59dcee052810952c983033b,218d46b86c1881d022bce9c68a7d4b15,15/05/2018 04:31,148,15.13
101,00378c6c981f234634c0b9d6128df6dd,1,38fa750a3a3b3204f169c86a3284d387,218d46b86c1881d022bce9c68a7d4b15,08/02/2018 19:50,41,11.85
268,00ac2a1ec784f71feeb7ba1e5959750d,1,8323a7adeb57da21acea7e83563bed90,218d46b86c1881d022bce9c68a7d4b15,12/04/2018 11:49,37,19.32
521,013056cfe49763c6f66bda03396c5ee3,1,a4800b5d0f4850922208a6cefcffed51,218d46b86c1881d022bce9c68a7d4b15,20/02/2018 11:55,240,14.7
19,000c3e6612759851cc3cbb4b83257986,1,b50c950aba0dcead2c48032a690ce817,218d46b86c1881d022bce9c68a7d4b15,21/08/2017 03:33,99,13.71
753,01bb52d7a8dffb8bef5b79268487cd10,1,d84895a804248d73a16480c0b2e18604,218d46b86c1881d022bce9c68a7d4b15,13/06/2017 13:41,158,18.36
865,01fe473278bb7522f081c21ee8e4cbd4,1,e44f675b60b3a3a2453ec36421e06f0f,218d46b86c1881d022bce9c68a7d4b15,24/05/2018 08:16,106,13.18
203,00891ba5de66f55000ee358ceea9b345,1,eb8dbe7d2dd22ab3547925e49a78feb3,218d46b86c1881d022bce9c68a7d4b15,19/05/2017 17:35,133,16.69
797,01d13850e74efca9a86fe812940de070,1,98c2f7da94217786e372e7d85462c354,2199e7fe213c16213bf5d6a7eadc9a5d,19/04/2018 13:14,75,14.62
993,024d56279184e5cb942d9abf28fc14e6,1,5fc3e6a4b52b0c414458104ed4037f1c,229c3efbfb0ea2058de4ccdfbc3d784a,25/05/2017 18:05,89,8.21
378,00ec95a58b63378d4cc06d196cdefdf6,1,7c6ff274f0411bde88f5df8db5f64693,229c3efbfb0ea2058de4ccdfbc3d784a,29/12/2017 14:28,173,14.96
94,003423b755b562962a6225a8de40d12e,1,84904413b82eee333a3f79137e8d197e,23c38debaffe4a25a30fdbd9b586a13f,18/07/2018 04:25,232.75,28.58
158,00611822267e76e0055c25c18506f06e,1,3d514fecadf6cef40a2a32a3c20cd1c8,23d7c96d4a1160db1c726b248601b25a,03/08/2018 13:50,159.9,20.31
178,006e91ddb0674525f84ce0da0655c7ba,1,8474d936fee23f0c45620cc2022871cc,2528513dd95219a6013d4d05176e391a,16/04/2018 19:31,499,30.35
935,022d4b171a04520ca2113a48b6b61380,1,09738baf9be60e4c294fa5d0bfcc690d,252e76235acb79183cfca6e34f13337d,11/06/2018 12:11,57.2,12.84
584,0159c6355a4e32f6ac68d838e2228150,1,a00722035cea70bbf671b758459cde42,25be943a321c8938947bdaabca979a90,21/06/2018 14:03,189,53.11
548,01428962dce3b65e5433eaeb16c0f48f,1,54d7ad85b648d3cb2b7069ed446d7f35,25c5c91f63607446a97b143d2d535d31,20/07/2017 02:24,154.91,46.67
549,01428962dce3b65e5433eaeb16c0f48f,2,54d7ad85b648d3cb2b7069ed446d7f35,25c5c91f63607446a97b143d2d535d31,20/07/2017 02:24,154.91,46.67
685,01988bf5b8acbc4d6ced86e4d47fcb1a,1,6987398dff454a3138231540e2a6ec61,25c5c91f63607446a97b143d2d535d31,08/01/2018 22:14,133.9,29.34
40,0017afd5076e074a48f1f1a4c7bac9c5,1,fe59a1e006df3ac42bf0ceb876d70969,25c5c91f63607446a97b143d2d535d31,24/04/2017 22:25,809.1,44.29
186,00789ce015e7e5791c7914f32bb4fad4,1,f9d774a1820f792952eea079a40a7c6b,2709af9587499e95e803a6498a5a56e9,04/07/2017 23:43,154,14.83
722,01ae5e4c5d2549f7c05000a2f5856c28,1,84f5c4f480ad6c9998d6a6860f1a2e41,282f23a9769b2690c5dda22e316f9941,09/11/2017 15:15,39,16.6
948,02355020fd0a40a0d56df9f6ff060413,1,a3daee3915d4fb98376e039ede6bdea6,2a261b5b644fa05f4f2700eb93544f2c,08/03/2018 02:15,50,19.59
943,02332b54c758506809fd87d9c2748086,1,4100a608bd0aa524b06ffefba973707b,2a61c271b1ac763450d846849783e922,10/11/2017 13:07,32.99,21.15
966,0240111ef6f94ee97599bd002acec1cd,1,1e291c0c369924c39765c90de669e4b4,2a84855fd20af891be03bc5924d2b453,26/06/2018 18:55,149,74.99
54,001e7cf2ad6bef3ade12ebc56ceaf0f3,1,bdcf6a834e8faa30dac3886c7a58e92e,2a84855fd20af891be03bc5924d2b453,22/05/2018 10:59,35.9,15.2
964,023efd060c082063e299dc77891ea1b7,1,eae99ba0d11a9e56ddc878519bdb33b1,2aa3443d7bf9d9bb11133f420d75e083,21/11/2017 02:46,48.9,7.94
671,0191ee5deb2474bc1f4189fa709289b2,1,01a88bd2633c52bcc66348307cb3ae15,2b1a40c1daabc6ca280c4b815c101841,22/06/2018 12:31,359.98,85.59
672,0191ee5deb2474bc1f4189fa709289b2,2,01a88bd2633c52bcc66348307cb3ae15,2b1a40c1daabc6ca280c4b815c101841,22/06/2018 12:31,359.98,85.59
233,009838529bb913846ab6670d22865381,1,36826c711e5778c8d88a7311cc29c446,2d50d6282f8aa2257819a77bfaa0efe0,20/06/2018 09:31,129,47.4
668,0190e75feb05f78ccb1b56853ca4f6cb,1,fe01b643060a6446e59f58e3021e66b3,2dee2ce60de9709b1a24083217181a1f,29/11/2017 23:31,129.9,38.46
327,00c9f7d4b0e87781465e562dc109f6aa,1,1a0d662b65b5ef08796501b064c853af,2e0dba2da448400b1c11d7b4b22f32a4,26/05/2017 19:25,14.99,15.1
328,00c9f7d4b0e87781465e562dc109f6aa,2,1a0d662b65b5ef08796501b064c853af,2e0dba2da448400b1c11d7b4b22f32a4,26/05/2017 19:25,14.99,15.1
329,00c9f7d4b0e87781465e562dc109f6aa,3,1a0d662b65b5ef08796501b064c853af,2e0dba2da448400b1c11d7b4b22f32a4,26/05/2017 19:25,14.99,15.1
330,00c9f7d4b0e87781465e562dc109f6aa,4,1a0d662b65b5ef08796501b064c853af,2e0dba2da448400b1c11d7b4b22f32a4,26/05/2017 19:25,14.99,15.1
208,008ce8764db2e397e153000e017475b6,1,52a8061c8e8e8cea30b41344aac26431,2e1c9f22be269ef4643f826c9e650a52,22/05/2018 20:57,43.49,27.39
503,012670c73246a753cbde0a215c2b9e8f,1,93c902b021a9e594f658ab1b0351602a,2e90cb1677d35cfe24eef47d441b7c87,08/03/2018 19:15,97.9,16.94
677,01946da9e2db8bab61d79296c037ee1f,1,93c902b021a9e594f658ab1b0351602a,2e90cb1677d35cfe24eef47d441b7c87,11/01/2018 18:06,97.9,16.94
940,0231a1f06afc507072e11f93fa6e736b,1,93c902b021a9e594f658ab1b0351602a,2e90cb1677d35cfe24eef47d441b7c87,14/05/2018 12:55,103.9,14.33
347,00d4439957b7fd3f8da4a33a965817fb,1,f471a2281d25a1dbf3193dd5e969aa0f,2e90cb1677d35cfe24eef47d441b7c87,26/04/2017 08:02,19.45,14.52
160,0064d74f7de7917d54768d7722ad56ac,1,fa11ecd35f999783e96ac500532d9d45,2e90cb1677d35cfe24eef47d441b7c87,14/09/2017 21:55,189.9,31.17
882,020c2cd20d09193b79c51797a82aaa3e,1,4e6a8880f494b097db7cf4866e0209d8,3078096983cf766a32a06257648502d1,04/12/2017 14:30,72.6,17.76
666,018fb228a3dd1a16349e73d2e41b239d,1,1fa52682d6938b129312ef4cffac1711,30829ded4523ab9224b93bc49a62c95f,18/01/2018 16:09,190.9,17.1
803,01d601c4d70f016f1e32ee8e82d6d4c9,1,d99a9035db5875b38e59f9f55b9548f1,31344c16881c08a8a72c6d2eb29918c1,18/05/2017 01:30,229.9,43.98
246,00a174dbf11967d260033fa6ab711493,1,fca62108387e25005784da2f551466a1,31344c16881c08a8a72c6d2eb29918c1,01/12/2017 10:56,249.9,41.53
609,016a938f2b34aa5ef05027fc83f5b81b,1,304104a478e3a605db6072a22e4ee228,31da954dc0855f2495c6310f70a2f931,29/01/2018 21:59,299,22.58
610,016a938f2b34aa5ef05027fc83f5b81b,2,304104a478e3a605db6072a22e4ee228,31da954dc0855f2495c6310f70a2f931,29/01/2018 21:59,299,22.58
172,006cb7cafc99b29548d4f412c7f9f493,1,e10758160da97891c2fdcbc35f0f031d,323ce52b5b81df2cd804b017b7f09aa7,22/02/2018 13:35,56,14.14
551,014405982914c2cde2796ddcf0b8703d,1,6782d593f63105318f46bbf7633279bf,325f3178fb58e2a9778334621eecdbf9,01/08/2017 17:50,27.9,3.81
53,001e7ba991be1b19605ca0316e7130f9,1,884fa3cd42986ba480ea2f8ae4e25ff7,3340ef1913fb70d28420f6ceb685c339,23/03/2017 11:47,195,18.21
667,01908071e35fdc75bc0d7764f153abc2,1,ccadfeab525a9eb1569983b66e5075c4,33576ec5412fb5905d876f12f33bfde6,13/11/2017 02:55,89,25.65
775,01c4766d43d50d892132f7bb04d97300,1,639cacc61d50ee82079176b446399376,3361277dc30b7cccdb0c286b24219756,28/03/2018 23:27,35.89,18.23
572,014e7d12255fc66b5ea5e6c93eb4be7b,1,363218ba55c610b750224f90bdd34be1,33a6f4b1e7cdc205511e76ba1b6e0186,05/02/2018 11:31,79.99,14.31
501,0124f01177fc17cf20e1974621fd759a,1,87cc2aef12eddf0b170234138b0946e0,34d1ca11b242c0fee2c834ae8d788566,18/05/2017 14:15,185.81,17.06
25,0010b2e5201cc5f1ae7e9c6cc8f5bd00,1,5a419dbf24a8c9718fe522b81c69f61a,3504c0cb71d7fa48d967e0e4c94d59d9,15/09/2017 18:04,48.9,16.6
691,019aaee09698daf81dcffe9d94a18b5c,1,b00a32a0b42fd65efb58a5822009f629,3504c0cb71d7fa48d967e0e4c94d59d9,16/08/2017 14:23,75.9,7.79
720,01ac6cbac1cda667c97d35046b75668f,1,d2f5484cbffe4ca766301b21ab9246dd,36a968b544695394e4e9d7572688598f,20/09/2017 18:50,12.88,8.27
250,00a3a334aec7455a6d3319981499a3da,1,0aabfb375647d9738ad0f7b4ea3653b1,37515688008a7a40ac93e3b2e4ab203f,01/11/2017 21:30,24.5,11.85
997,0250c3964e5ca77ecac2db28d78aa89f,1,0aabfb375647d9738ad0f7b4ea3653b1,37515688008a7a40ac93e3b2e4ab203f,11/07/2018 14:09,36.2,18.35
555,014872cb0c4fc7695c70484966baa65c,1,f9471562478eba8761bc985b968a0092,3785b653b1b82de85ab47dd139938091,19/03/2018 04:28,54.9,23.31
556,014872cb0c4fc7695c70484966baa65c,2,f9471562478eba8761bc985b968a0092,3785b653b1b82de85ab47dd139938091,19/03/2018 04:28,54.9,23.31
557,014872cb0c4fc7695c70484966baa65c,3,f9471562478eba8761bc985b968a0092,3785b653b1b82de85ab47dd139938091,19/03/2018 04:28,54.9,23.31
558,014872cb0c4fc7695c70484966baa65c,4,f9471562478eba8761bc985b968a0092,3785b653b1b82de85ab47dd139938091,19/03/2018 04:28,54.9,23.31
421,00fed9e582d5a3e38566872eec164ac6,1,1491a8ff192d4b5c369b0eaa2fe33ee5,37be5a7c751166fbc5f8ccba4119e043,03/10/2017 17:07,179.99,26.1
422,00fed9e582d5a3e38566872eec164ac6,2,1491a8ff192d4b5c369b0eaa2fe33ee5,37be5a7c751166fbc5f8ccba4119e043,03/10/2017 17:07,179.99,26.1
602,016726239765c18f66826453f39c64e3,1,c6ea63369936552872ae890c82175b4b,37be5a7c751166fbc5f8ccba4119e043,22/06/2017 09:25,219.99,15.14
124,0046e1d57f4c07c8c92ab26be8c3dfc0,1,ff6caf9340512b8bf6d2a2a6df032cfa,38e6dada03429a47197d5d584d793b41,02/10/2017 15:49,7.79,7.78
235,009905140e9f8cc35d5be897937381db,1,06edb72f1e0c64b14c5b79353f7abea3,391fc6631aebcf3004804e51b40bcf1e,26/03/2018 12:49,39.99,18.23
236,009905140e9f8cc35d5be897937381db,2,06edb72f1e0c64b14c5b79353f7abea3,391fc6631aebcf3004804e51b40bcf1e,26/03/2018 12:49,39.99,18.23
326,00c9d9e61ed13f5bf2f0344da1aa4775,1,2ffb8b836bb62d53a77a69a67814fffa,391fc6631aebcf3004804e51b40bcf1e,02/03/2017 13:25,44.55,11.74
308,00c00d5b36157595e21108ba1da2828f,1,7933eeb8cf79ae899bfac71c0edb076d,391fc6631aebcf3004804e51b40bcf1e,19/09/2017 03:25,139.85,16.61
309,00c00d5b36157595e21108ba1da2828f,2,7933eeb8cf79ae899bfac71c0edb076d,391fc6631aebcf3004804e51b40bcf1e,19/09/2017 03:25,139.85,16.61
817,01dcbb39823b4cda39ddcc6679fb00ac,1,bbf920aa6ac72007a726e6f419156f8f,391fc6631aebcf3004804e51b40bcf1e,02/06/2017 20:15,39.9,17.6
818,01dcbb39823b4cda39ddcc6679fb00ac,2,bbf920aa6ac72007a726e6f419156f8f,391fc6631aebcf3004804e51b40bcf1e,02/06/2017 20:15,39.9,17.6
861,01f9f30f42a15cb09e70666d0df18856,1,f6fa93875f4a7dac03e0a22143f4d815,391fc6631aebcf3004804e51b40bcf1e,24/01/2018 09:50,49.95,16.11
918,021f26893462ec6a677baba7f06ce4c1,1,f6fa93875f4a7dac03e0a22143f4d815,391fc6631aebcf3004804e51b40bcf1e,18/07/2017 15:32,49.95,11.85
405,00f86b368251d739f1896d41469b2b7a,1,9b08a09bf2fd9731cfca8cb3db24457c,392353362d22cc2c236e1ee81ff19890,20/08/2018 23:30,39.97,18.38
406,00f86b368251d739f1896d41469b2b7a,2,9b08a09bf2fd9731cfca8cb3db24457c,392353362d22cc2c236e1ee81ff19890,20/08/2018 23:30,39.97,18.38
407,00f86b368251d739f1896d41469b2b7a,3,9b08a09bf2fd9731cfca8cb3db24457c,392353362d22cc2c236e1ee81ff19890,20/08/2018 23:30,39.97,18.38
802,01d5897e2c8a23b37ec65e0e72fbe956,1,d9bba71d1d1ad35925593d365a2ab43e,3afc536624bc2e65bddfb5db33cc01f3,12/04/2018 11:55,52,15.21
425,01006620eb4732deec44be4b0d9e33cd,1,2c3210fa1dfe1fdf8b8e3254287c9e4c,3b15288545f8928d3e65a8f949a28291,22/10/2017 23:03,126.99,18.14
209,008cfe221ab054c89bc31720098cca51,1,77fdeb8d4f7502f75b6779205f30a875,3b872fd4747f01cc56206f2934198618,10/08/2018 08:05,109.99,36.85
300,00bcee890eba57a9767c7b5ca12d3a1b,4,55939df5d8d2b853fbc532bf8a00dc32,3bb548e3cb7f70f28e3f11ee9dce0e59,26/07/2017 21:05,165.5,15.8
297,00bcee890eba57a9767c7b5ca12d3a1b,1,6c90c0f6c2d89eb816b9e205b9d6a36a,3bb548e3cb7f70f28e3f11ee9dce0e59,26/07/2017 21:05,165.5,15.8
299,00bcee890eba57a9767c7b5ca12d3a1b,3,d143bf43abb18593fa8ed20cc990ae84,3bb548e3cb7f70f28e3f11ee9dce0e59,26/07/2017 21:05,165.5,15.8
735,01b330808c5819a6a3cb79b72f0b8288,1,4fb3e6ce442ce9c621ea9509e47ac951,3c03b12bab54d8b37d79d914bfdb1aa0,16/03/2018 15:38,104.9,24.86
278,00b30bb163474583c14db1689259cf4d,1,3552627a68384dc559f0fd4cce173269,3c487ae8f8d7542beff5788e2e0aea83,06/02/2018 14:13,189.9,26.61
502,01255808a3d38a8dd69aa93265a4cb88,1,d5bbfcd27daa6365834ed9d16195d64e,3c487ae8f8d7542beff5788e2e0aea83,29/01/2018 11:56,501.9,17.26
532,01358622f65717728b3b2ec2cf4e8812,1,017692475c1c954ff597feda05131d73,3c7c4a49ec3c6550809089c6a2ca9370,02/11/2017 22:10,13.99,7.78
131,004d76fef3dd46eb4f70da049c8d1f93,1,28a652ff04e43c1bc57937a9f8770f9b,3d871de0142ce09b7081e2b9d1733cb1,27/12/2017 11:10,120,27.39
791,01ccfbb0ddf88340b6eed3f1370bcf0c,1,2ccd049c8e7ea210e079a1aa8ad92477,3d871de0142ce09b7081e2b9d1733cb1,30/08/2018 20:15,79,59.78
582,015975a1ff4fdab8ae6f42eaaffd39fb,1,5411e9269501a870cabf632f05655131,3d871de0142ce09b7081e2b9d1733cb1,18/01/2018 21:10,129,38.45
934,022d47e6dd2e127493b8f51c8408078c,1,a0f12db60a5019ce1a4c21fce1697574,3d871de0142ce09b7081e2b9d1733cb1,18/01/2018 17:28,99,13.71
319,00c826c901ab01b6f598a8f0c9b56b82,1,c072e7b87c8413341505d50d8234fbc2,3d871de0142ce09b7081e2b9d1733cb1,02/05/2018 10:35,79,13.91
577,01500f2503fa84279982d9d87750021a,1,cdc4af478fef19f03f1d0353c00271cd,3d871de0142ce09b7081e2b9d1733cb1,14/09/2017 20:10,19.9,12.69
226,0095790a64527ec83aeaaf99023c050e,1,e8c6039a25765995ac7c1ec2cbef5765,3d871de0142ce09b7081e2b9d1733cb1,21/11/2017 13:50,19.9,42.76
781,01c998b70e420ec36563386a4b71c6bc,1,ef5c31aee1d5074121a478b14d3eb50e,3d871de0142ce09b7081e2b9d1733cb1,29/01/2018 13:57,89,17.87
958,023af4b88d12c9f3f56bcb55da0450c5,2,f1b067568bb39768f754b0d1ab1abcf6,3d871de0142ce09b7081e2b9d1733cb1,14/12/2017 17:50,99,3.25
957,023af4b88d12c9f3f56bcb55da0450c5,1,fb55982be901439613a95940feefd9ee,3d871de0142ce09b7081e2b9d1733cb1,14/12/2017 17:50,79,32.49
122,0045f5225a96ef46630701167528fdcb,1,86a11a09edde2267675505fc4d56d9b0,3db66a856d18a9cba7c9241fc5221c50,19/06/2018 04:17,94.9,15.51
290,00b7174ea52bb811ebe2663add51afc0,1,cb3ad2d2499eebaa7ccb4fd1e7db9bc7,3db66a856d18a9cba7c9241fc5221c50,24/05/2018 10:12,69.9,23.07
156,005f25968fc854ea16fb16f5bdbc87c7,1,f9259c9e7c0f12c70f7a81409680a5ff,3db66a856d18a9cba7c9241fc5221c50,08/03/2018 14:50,69.9,16.25
678,019536ad39a0dea8bb75c00359a0386b,1,f646af315b0f3a597f69213537ca2199,3df020b72d3d44b3af9d110fa3940b65,08/09/2017 16:10,49.9,35.67
488,0120e3dd2696a3bbb68dc2860815f7f2,1,6eda94acf0ad08a1bb12f10aef74767d,41ab63a91b8b264e8c8780368bf1dd5b,13/04/2018 11:55,239,19.25
28,00125cb692d04887809806618a2a145f,1,1c0c0093a48f13ba70d0c6b0a9157cb7,41b39e28db005d9731d9d485a83b4c38,29/03/2017 13:05,109.9,25.51
659,018778568fad26695334c784563c08d4,1,2de4aa76a72feaca51fc8f83ae037c7e,41b39e28db005d9731d9d485a83b4c38,19/10/2017 13:35,44.9,15.11
973,024554aeb0da84476f1c31a711e0990c,2,188c9cb0aff9e485e3f84752731c633a,4200ddf1967c5e41e48db62bc6d4b5ac,24/04/2018 14:30,17.9,17.06
972,024554aeb0da84476f1c31a711e0990c,1,5edf955f0c8417e3fea7288360c2e22d,4200ddf1967c5e41e48db62bc6d4b5ac,24/04/2018 14:30,17.9,17.06
962,023dec08929b8cafa8028da5e6b527b6,1,338aa2ba639b0be9950da484aac036c4,42b729f859728f5079499127a9c2ef37,22/03/2018 15:09,46.9,7.39
265,00ab3a43bda739029ffce95d3b2fb56c,1,634256dbcd184b3757ffd7632c9fe52a,42b729f859728f5079499127a9c2ef37,14/08/2018 02:50,27.9,7.46
663,018bb1508d9156b81990407b91fb35a8,1,d537e54e990d95194a5733e79f1af1aa,4305fe92735c8a43d154ff6dd2b8d927,19/08/2018 21:44,139.9,9.09
664,018bb1508d9156b81990407b91fb35a8,2,ead72457c58dcea14f94c2223c684716,4305fe92735c8a43d154ff6dd2b8d927,19/08/2018 21:44,139.9,29.07
121,0045e3085f083f0f38d24bb3f22e6593,1,9545d45c37449ccbc376de3a04c66e71,431af27f296bc6519d890aa5a05fdb11,17/08/2017 07:15,116.9,13.84
812,01da413c142606bf28e461e3a732f653,1,05542c6ab7bce0a01a5f7210380e72b3,4324dd16853115efb0fd9d0d131ba6f4,30/08/2017 11:30,92.65,12.99
813,01da413c142606bf28e461e3a732f653,2,05542c6ab7bce0a01a5f7210380e72b3,4324dd16853115efb0fd9d0d131ba6f4,30/08/2017 11:30,92.65,12.99
782,01cadf993df82ff0e318addbd022f0fe,1,8dfb2df51786c583001deb21b4a94080,4391ea5c5990502176a1dcda44a2373d,19/10/2017 20:20,398,29.11
783,01cadf993df82ff0e318addbd022f0fe,2,8dfb2df51786c583001deb21b4a94080,4391ea5c5990502176a1dcda44a2373d,19/10/2017 20:20,398,29.11
906,0218bc1c672e0e92f10a6633ca1cc461,1,7e99ab6d9d5d63b0190513103bdc1188,439a47cc365d6e3bd526812ea9de3c29,14/03/2018 14:30,133,22.99
907,0218bc1c672e0e92f10a6633ca1cc461,2,7e99ab6d9d5d63b0190513103bdc1188,439a47cc365d6e3bd526812ea9de3c29,14/03/2018 14:30,133,22.99
123,0046176ff0dbc2a178b7885355dfbb71,1,19f0917ba5781b978298ffcd9ae225c1,43f8c9950d11ecd03a0304a49e010da6,06/06/2018 19:35,121.99,15.73
100,0036887767dea4bd43b1a88cd0d9477a,1,3a264b078bf20e98f315ff65c23fa263,46dc3b2cc0980fb8ec44634e21d2718e,19/10/2017 01:07,399.99,23.64
478,011abf147a69ba486bae3a74b6cd1814,1,3cc842aabeddd8ef0d633a10ef8a51aa,46dc3b2cc0980fb8ec44634e21d2718e,18/05/2017 11:30,279.99,16.72
690,019a242bea1553b3b7e12bc38cb57a23,1,5ce6a6914bbb228f4cb4ee93c1cd0d15,46dc3b2cc0980fb8ec44634e21d2718e,07/11/2017 04:06,349.99,18.53
224,0094d4660e323945f84f5c29eb348aae,1,b596e2d70dd2f5fb5ff9ee2a1c803e5b,46dc3b2cc0980fb8ec44634e21d2718e,30/01/2018 22:14,269.99,39.41
909,02190241f7190a1f3c7e0df95a749c6a,1,e00d2c49504aeaf7acdc9ff7cf8a6107,46dc3b2cc0980fb8ec44634e21d2718e,12/10/2016 04:44,249.99,10.74
910,02190241f7190a1f3c7e0df95a749c6a,2,e00d2c49504aeaf7acdc9ff7cf8a6107,46dc3b2cc0980fb8ec44634e21d2718e,12/10/2016 04:44,249.99,10.74
540,013b811ba81339b7634ab5231c547e6a,1,e2c3ed9aaddfd2312a6a5fe9b3ddadd3,46dc3b2cc0980fb8ec44634e21d2718e,30/10/2017 22:49,99.99,16.95
978,02457250c331120c9dea3bf840316d54,1,e38bfda757257dee1985af625f8911fc,46dc3b2cc0980fb8ec44634e21d2718e,18/07/2017 18:25,349.99,18.76
924,022790f69760d0a1c025cd3acdf13927,1,aefd95d8fa48ead0bcdec7fb758daea0,478bfe564db21eeb44386606aa30b650,13/10/2017 20:35,22.9,14.1
396,00f426c7214575822c3cb44ea59ef0f6,1,69c5919a1b057b3d3d8b58f3b9b4b89d,47efca563408aae19bb7206c2d969ea9,17/07/2018 08:45,71,23.65
895,021397df4601b61a8bd063be9b5c54a0,1,0c4e43e25f781898363a83f9a7390ebb,48162d548f5b1b11b9d29d1e01f75a61,22/11/2017 18:15,109,8.35
896,021397df4601b61a8bd063be9b5c54a0,2,0c4e43e25f781898363a83f9a7390ebb,48162d548f5b1b11b9d29d1e01f75a61,22/11/2017 18:15,109,8.35
897,021397df4601b61a8bd063be9b5c54a0,3,0c4e43e25f781898363a83f9a7390ebb,48162d548f5b1b11b9d29d1e01f75a61,22/11/2017 18:15,109,8.35
829,01e51b7c3025655646143d09b911e1d7,1,3631b85819ccd66432f8e4b5fb568cf2,4830e40640734fc1c52cd21127c341d4,18/01/2018 09:50,19,14.1
741,01b6d15407d425529cbf0ec96258cb84,1,78c3942245093508f8e17ffc06a0dfcf,4830e40640734fc1c52cd21127c341d4,19/03/2018 15:35,29.99,12.79
1,00010242fe8c5a6d1ba2dd792cb16214,1,4244733e06e7ecb4970a6e2683c13e61,48436dade18ac8b2bce089ec2a041202,19/09/2017 09:45,58.9,13.29
661,0188777fe321843a18be24a6e9aa1e53,1,436c8d57ff8d4aa254318e9bd9b48c83,48436dade18ac8b2bce089ec2a041202,31/07/2017 14:35,55.9,9.94
670,0191bbb5166d4b9a68df11797d5acfa9,1,ec02a5d380128f7a188e9ce8f3ddd832,48436dade18ac8b2bce089ec2a041202,16/08/2017 12:30,132.9,20.17
451,010f223ddbec749e95ef3f5414f9c4ee,1,24e8c79f39c68fbdbd57a5813ae72b94,4869f7a5dfa277a7dca6462dcf3b52b2,13/06/2018 20:31,79,18.43
109,003d804eef0e1b856881cd18e0cc0d4c,1,41402af2a88247152583bb812ba235dd,4869f7a5dfa277a7dca6462dcf3b52b2,27/11/2017 12:15,277,35.74
385,00f1bb0af030935db1745ee28367ea26,1,677d8ace413e0060fa8686cde56eaf10,4869f7a5dfa277a7dca6462dcf3b52b2,08/08/2018 23:31,268.9,19.98
626,01721e0729fcb75ab238248fdbb48eeb,1,7a10781637204d8d10485c71a6108a2e,4869f7a5dfa277a7dca6462dcf3b52b2,23/03/2018 13:49,219,24.11
543,013d92e415d1de7bf3b3b706f1b6d292,1,8317b177579dd27ff068b83205e2169b,4869f7a5dfa277a7dca6462dcf3b52b2,01/02/2018 14:22,188,16.07
646,017c16deefc1868a33a5966485ea4721,1,bc74f63361c15c1a5baa5b97ac432e62,4869f7a5dfa277a7dca6462dcf3b52b2,23/11/2017 20:46,234.9,16.39
260,00a9536682ecb394a3794c1608200803,1,24a014458ccc6e989b4fcef5fa71da58,4a3ca9315b744ce9f8e9374361493884,18/05/2017 23:50,109.9,12.27
391,00f251b943aba645652c7138e4716fee,1,35afc973633aaeb6b877ff57b2793310,4a3ca9315b744ce9f8e9374361493884,15/08/2018 11:44,77.9,23.35
428,0101aea69a09e1aa32caa6dbaba98503,1,35afc973633aaeb6b877ff57b2793310,4a3ca9315b744ce9f8e9374361493884,04/06/2018 13:10,84,10.9
653,01825d0debce07b6502f4aff38a00e69,1,3d1d7aa3dfc91ac9490303d6c7342e83,4a3ca9315b744ce9f8e9374361493884,13/07/2018 11:08,189,23.25
698,019d029f0b101343d44017d249b1f64f,1,64fb265487de2238627ce43fe8a67efc,4a3ca9315b744ce9f8e9374361493884,13/06/2018 22:19,79.9,27.51
197,0084209c576daad6ff4534902fcb4892,1,7340a3839a1de1e99d149b8cf052a2ec,4a3ca9315b744ce9f8e9374361493884,11/07/2017 17:38,69.9,15.24
52,001dbc16dc51075e987543d23a0507c7,1,777d2e438a1b645f3aec9bd57e92672c,4a3ca9315b744ce9f8e9374361493884,01/02/2017 13:17,69.9,18
855,01f74145603bef2ef33949099b48ad28,1,777d2e438a1b645f3aec9bd57e92672c,4a3ca9315b744ce9f8e9374361493884,03/01/2018 17:35,69.9,17.74
642,0179a3003c894f1dd3b1ddda5d1f8a12,2,83309bfd8eef19fbfaa8e790b824b572,4a3ca9315b744ce9f8e9374361493884,01/06/2017 02:50,76.9,15.34
48,001c85b5f68d2be0cb0797afc9e8ce9a,1,84f456958365164420cfc80fbe4c7fab,4a3ca9315b744ce9f8e9374361493884,29/11/2017 22:38,99,13.71
136,005059edee63c8c708ba61910793b31b,1,84f456958365164420cfc80fbe4c7fab,4a3ca9315b744ce9f8e9374361493884,12/02/2018 18:30,92,17.89
137,005059edee63c8c708ba61910793b31b,2,84f456958365164420cfc80fbe4c7fab,4a3ca9315b744ce9f8e9374361493884,12/02/2018 18:30,92,17.89
932,022c0ddf029d7d3ba3d83bd524805629,1,84f456958365164420cfc80fbe4c7fab,4a3ca9315b744ce9f8e9374361493884,12/02/2018 11:49,92,13.66
96,0035246a40f520710769010f752e7507,1,8a6187b2665118d5095f99a25fd7ba7a,4a3ca9315b744ce9f8e9374361493884,23/08/2017 01:25,87,12.11
599,01667048de265bad400b945f29b52526,1,9391a573abe00141c56e38d84d7d5b3b,4a3ca9315b744ce9f8e9374361493884,06/07/2017 12:34,230,16.36
13,0006ec9db01a64e59a68b2c340bf65a7,1,99a4788cb24856965c36a24e339b6058,4a3ca9315b744ce9f8e9374361493884,26/07/2018 17:24,74,23.32
317,00c763284c0056eed753352f5559ff0a,1,99a4788cb24856965c36a24e339b6058,4a3ca9315b744ce9f8e9374361493884,11/06/2018 00:10,79.9,14.65
761,01be661b8196707ef60f062632d6d1bd,1,99a4788cb24856965c36a24e339b6058,4a3ca9315b744ce9f8e9374361493884,24/05/2017 10:42,89.9,12.13
762,01be661b8196707ef60f062632d6d1bd,2,99a4788cb24856965c36a24e339b6058,4a3ca9315b744ce9f8e9374361493884,24/05/2017 10:42,89.9,12.13
904,0216ea85f929ce4795f933573c6bb055,1,db123b35396aafabb2d5b476557abed5,4a3ca9315b744ce9f8e9374361493884,12/06/2018 20:59,76.9,14.63
635,0176e50f3853fa068127afa3daff6402,1,ea3be87c5c6c69043c9eb7836199c200,4a3ca9315b744ce9f8e9374361493884,20/12/2017 16:54,59.9,15.17
745,01ba495d945c6a1c5b198bbad63e61c6,1,f2e53dd1670f3c376518263b3f71424d,4a3ca9315b744ce9f8e9374361493884,06/02/2018 14:01,109.9,25.61
641,0179a3003c894f1dd3b1ddda5d1f8a12,1,f42892b40225227fe465626ff509a92e,4a3ca9315b744ce9f8e9374361493884,01/06/2017 02:50,89.9,15.33
516,012eab2625c5f8aaac6f37f2c19ef62f,1,5c699beec1e114bd15b35cf8d01ec6b5,4a3ccda38b2129705f3fb522db62ca31,09/11/2017 00:50,81.9,15.32
925,0227da6a9a5c5d03b593cc9c2bce3463,1,84db874a1a2d895b0eece26cc9bb3dd3,4b9750c8ad28220fe6702d4ecb7c898f,17/04/2018 16:51,49.9,11.62
697,019ccfeea1ea9afbebdad57d65f2e36f,1,ead9ade61e81ab9e26d83640c3164e76,4bf2f4ee540798a61f9636d12cd9cc80,01/12/2017 15:58,152,15.81
180,0070092bb6004faafa287e5fc35971e9,1,31a2f42a87890f87d77daebdfabc182e,4c03b9dd4c11ee2cb35c96c49efc9420,31/07/2017 11:55,149,14.06
188,0079bca8e89bd52fdb87408e4f3fb94d,1,19421075ae0b585f2dc13ff149e2119d,4c2b230173bb36f9b240f2b8ac11786e,10/05/2018 03:31,49.9,7.39
632,0176a6846bcb3b0d3aa3116a9a768597,1,19421075ae0b585f2dc13ff149e2119d,4c2b230173bb36f9b240f2b8ac11786e,03/01/2018 04:32,45.9,7.78
264,00ab210695a17fe10e6b23616ae5bc97,1,c6336fa91fbd87c359e44f5dca5a90ed,4c2b230173bb36f9b240f2b8ac11786e,18/06/2018 06:30,39,7.53
273,00af53fdc2002f5b6a8f16db648e003b,1,c6336fa91fbd87c359e44f5dca5a90ed,4c2b230173bb36f9b240f2b8ac11786e,26/06/2017 15:15,39.9,11.85
836,01e84dcdea7f8180214c9cf9f058f0dc,1,c6336fa91fbd87c359e44f5dca5a90ed,4c2b230173bb36f9b240f2b8ac11786e,08/11/2017 02:31,45.9,15.1
869,0203892ed7a2b76401830f4b82a5a34c,1,c6336fa91fbd87c359e44f5dca5a90ed,4c2b230173bb36f9b240f2b8ac11786e,13/07/2017 20:35,39.9,8.72
545,01405161cfdf60dd80df1f393a2796d5,1,f2bcc887769f563eb4f126389e64715a,4c8b8048e33af2bf94f2eb547746a916,15/08/2018 21:30,59.9,14.73
305,00bdebefeb760588a3425fad9dfed3d9,1,cdc9d87e17ccf98f35634e6c3b77073e,4d6d651bd7684af3fffabd5f08d12e5a,14/03/2018 16:30,119.8,20.18
318,00c81b6675ef9ecaaff5fc1d6720b96c,1,ace05b62c79dffc86cd12b281dc05b93,4e06067cc08b3f41d837768d392c3ee3,30/10/2017 18:14,24.99,14.1
885,020e6f6dee3bdcf543b857eb97373956,1,a3bd84c2a6d25ea7bc0e55c64d0760ae,4e17c65a516f69d023a2ae78b84f28d6,30/05/2018 10:55,199,14.3
438,010b143d83a59b355cd5a75c0f0fd785,1,6ff1fc9209c7854704a4f75c9fac41b4,4e922959ae960d389249c378d1c939f5,05/09/2017 23:44,22,34.15
439,010b143d83a59b355cd5a75c0f0fd785,2,6ff1fc9209c7854704a4f75c9fac41b4,4e922959ae960d389249c378d1c939f5,05/09/2017 23:44,22,34.15
440,010b143d83a59b355cd5a75c0f0fd785,3,6ff1fc9209c7854704a4f75c9fac41b4,4e922959ae960d389249c378d1c939f5,05/09/2017 23:44,22,34.15
441,010b143d83a59b355cd5a75c0f0fd785,4,6ff1fc9209c7854704a4f75c9fac41b4,4e922959ae960d389249c378d1c939f5,05/09/2017 23:44,22,34.15
147,00588f5f20fee630b83d4709e0a42715,1,bd6e8cf9fe4122c385da2bcb9f979d5d,4e922959ae960d389249c378d1c939f5,29/08/2017 16:04,89,25.9
595,01625f404436eb3cb98cba1e9433db29,1,bd6e8cf9fe4122c385da2bcb9f979d5d,4e922959ae960d389249c378d1c939f5,20/06/2017 02:30,49,34.15
787,01ccc64a2b38fdb87c25cb1944934670,1,bd6e8cf9fe4122c385da2bcb9f979d5d,4e922959ae960d389249c378d1c939f5,22/08/2017 11:35,89,17.06
788,01ccc64a2b38fdb87c25cb1944934670,2,bd6e8cf9fe4122c385da2bcb9f979d5d,4e922959ae960d389249c378d1c939f5,22/08/2017 11:35,89,17.06
805,01d80471e02a3ba49c8e1d0abc2c1a64,1,c19d5ba108c34b8255cf9a524da92bc4,4e922959ae960d389249c378d1c939f5,15/05/2017 09:31,75,16.23
95,00345f338696283410b7977d2e3efc89,1,0f2fd0a589cb7849c1dbedbd4109c2f8,516e7738bd8f735ac19a010ee5450d8d,23/08/2018 15:11,48.9,18.44
683,0197cb265e2c84b9f89dfd784095d2f6,1,b8fb835549196ef18695839a1a749584,51702dc2a3e106c76dbff722b5bf0726,05/01/2018 02:12,320,58.91
879,020aec76c43508e4214579c52c1133f4,1,2f5895fbda5cbf713513c5b641383a97,51e4e89242cbb846c2deff3dc015650e,02/07/2018 00:31,27.9,19.39
838,01e9feecd7fba975c1869a8fbbb38b65,1,1eb85357e22bf0c8c2a6f10eafad8423,522620dcb18a6b31cd7bdf73665113a9,03/04/2017 20:55,285.9,17.21
892,0212767fce39149bfc2e12d54be96f65,1,4befae07dba4384f6d8237ad1e7f8294,522620dcb18a6b31cd7bdf73665113a9,20/06/2017 04:43,329,15.32
575,014ffbfe2df4c96a2b063d084583978f,1,586328f570ac0b651d452f1227db4d1c,522620dcb18a6b31cd7bdf73665113a9,30/11/2017 22:48,79,15.3
364,00e1bdb3f1388c8ed222597ee4fa01e7,1,c4989935ece6a2e0c0c148ede45f640e,522620dcb18a6b31cd7bdf73665113a9,24/05/2017 04:10,419.9,17.69
891,02119fc90b970a6b0f5f554659843ab4,1,99aa268744e2967e0ed6d3b22a38eff2,52562a9f449c3dc3d53f5f5b9ed74903,05/07/2017 02:45,84.9,27.44
674,0193a99edc8c599aaa16f9b9e991efb8,1,cee4ebfc997a2ac7f01145efb59cc7be,527801b552d0077ffd170872eb49683b,31/07/2018 07:35,154.9,15.39
810,01d96f415da1ffc3807bc85852dea189,1,87aff1d9a5e94db6840c5b963a5cef90,530ec6109d11eaaf87999465c6afee01,18/04/2018 08:31,149.9,23.63
16,0009792311464db532ff765bf7b182ae,1,8cab8abac59158715e0d70a36c807415,530ec6109d11eaaf87999465c6afee01,17/08/2018 12:15,99.9,27.65
709,01a26a995dcef1d58bdee5b8862c7a02,1,431d674f9a4fbd0957ecf6ba3fcb6899,53243585a1d6dc2643021fd1853d8905,21/09/2017 12:05,299.99,14.35
288,00b6e66f005a657a6b13eedcacdf9342,1,e7cc48a9daff5436f63d3aad9426f28b,53243585a1d6dc2643021fd1853d8905,16/08/2018 11:04,199,39.66
289,00b6e66f005a657a6b13eedcacdf9342,2,e7cc48a9daff5436f63d3aad9426f28b,53243585a1d6dc2643021fd1853d8905,16/08/2018 11:04,199,39.66
98,0035e6b7ade84b3f5b86bd49814793df,1,71a5f1c2a5fd9889ef26b5ac22aec9c6,537eb890efff034a88679788b647c564,27/02/2018 03:31,19.9,14.1
334,00ceda91cb2ded8570ca73e70571740a,1,71a5f1c2a5fd9889ef26b5ac22aec9c6,537eb890efff034a88679788b647c564,12/02/2018 11:50,19.9,14.1
181,0071ee2429bc1efdc43aa3e073a5290e,1,00ffe57f0110d73fd84d162252b2c784,53e4c6e0f4312d4d2107a8c9cddf45cd,26/01/2018 14:17,179.98,12.46
417,00fc308dd7f0937682698becaa9dcc45,1,940d38f0ef286bd93612fcdc91dd38ed,53e4c6e0f4312d4d2107a8c9cddf45cd,23/08/2018 20:10,85.71,18.4
393,00f2c876aa08fbba04199823952e96c1,1,b18fa799c2e098abdceb194c359938f6,53e4c6e0f4312d4d2107a8c9cddf45cd,13/04/2017 03:15,69,17.22
887,020f64bdb28111d057f49277da918771,1,cac52d956eff0cacf32f4b0f0f3aac5c,53e4c6e0f4312d4d2107a8c9cddf45cd,14/06/2018 09:52,32,8.88
630,017499de14d22ef9e9a83ca54727480e,1,f399bbedb1d21192dffefc4a8b30a229,53e4c6e0f4312d4d2107a8c9cddf45cd,17/07/2017 16:15,71,10.7
107,003cc6161d7a2593f2525cce0c330d32,1,fadc89c2a60ff96b18827644074dfd70,53e4c6e0f4312d4d2107a8c9cddf45cd,07/08/2018 20:04,85,12.9
874,02058d1c3b825765a4ec45968b8a1c97,1,d05d4a7430d1293367ba2ffbedcdef05,54065e9aef7e9e9c2dc23b7594db021a,02/06/2017 02:50,1799,27.34
196,0081ce648af7d6a7bac2a93b6035d1e3,1,1d417ca09479182e9fdf13a1c77c309f,54965bbe3e4f07ae045b90b0b8541f52,16/11/2017 02:51,99.9,17.95
342,00d15ff0236872686e4899ed1ce680ad,1,702a14f9c5a93130c3346c4de901d864,55029529919c0123526150bd26ca8f20,15/08/2018 03:55,57.95,22.34
567,014ac3cfd0e55bdc2cdd12aa181b00cb,1,8ef8561be5799da29925c5baaf083a13,559d56f3b8f0bc2e5a9a62fe2ce2a39f,09/08/2018 09:30,135,23.75
601,0166cc8756d58b4a30fb49de83527120,1,b59b5899ecf4bcc294a72fdd48adaa94,562fc2f2c2863ab7e79a9e4388a58a14,14/02/2018 21:27,29.99,7.78
645,017b84f6bee0e4287eb8a8c9f5df549e,1,c9c6fde711572c1ad99ca12728c6af00,562fc2f2c2863ab7e79a9e4388a58a14,20/02/2018 00:07,29.99,34.15
43,001ab0a7578dd66cd4b0a71f5b6e1e41,1,0b0172eb0fd18479d29c3bc122c058c2,5656537e588803a555b8eb41f07a944b,04/01/2018 02:33,24.89,17.63
44,001ab0a7578dd66cd4b0a71f5b6e1e41,2,0b0172eb0fd18479d29c3bc122c058c2,5656537e588803a555b8eb41f07a944b,04/01/2018 02:33,24.89,17.63
45,001ab0a7578dd66cd4b0a71f5b6e1e41,3,0b0172eb0fd18479d29c3bc122c058c2,5656537e588803a555b8eb41f07a944b,04/01/2018 02:33,24.89,17.63
247,00a1e977cf6e672402963940db55d919,1,4834f24983a4f056e5ae64265f723aaf,5656537e588803a555b8eb41f07a944b,27/07/2018 16:35,24.89,7.75
785,01cc355e35cf24d314afe6de16c38712,1,e76438822c17316d276c27e52e588931,5656537e588803a555b8eb41f07a944b,03/04/2018 02:47,24.89,22.06
296,00bc78808b22918a467b2fa4b8ef5d68,1,33fac76e7f17367dedaef7954bbb33b4,56642bcb79900e777d68e91915cb4267,27/04/2017 23:42,69,15.69
223,0094bd07f49fed90209ffa62d1ef26d6,1,d64e758afad411049a45e42c9a259241,5670f4db5b62c43d542e1b2d56b0cf7c,09/05/2018 04:12,11.53,7.39
230,0097aafe2a01dd54e39888976160c377,1,dfbbf137ccb6af48e66d186a33118579,56e361f411e38dcef17cdc2a3d99628b,28/08/2018 02:35,62,8.59
241,009e11afa25aa95ae78e60a793995c9b,1,519f3a4ea67cdce4923fbc76badd6bd2,582d4f8675b945722eda7c0cb61ba4c7,26/10/2017 00:15,30.99,34.15
840,01eaa000fe5c9f80f535c3d0cad25a47,1,6b7de889f456ee35f031172d358b2cd2,594f9aaa48e5bf431f011ddc5669b0d5,17/08/2018 16:31,135.9,16.02
8,000576fe39319847cbb9d288c5617fa6,1,557d850972a7d6f792fd18ae1400d9b6,5996cddab893a4652a15592fb58ab8db,10/07/2018 12:30,810,70.75
471,0115d160c5fbd758a139ff90821db60d,1,766a6a4c51c63991e78e192d802787a9,59b22a78efb79a4797979612b885db36,06/09/2017 04:31,389,22.63
479,011af0959ebf2b09a062867811dc63b5,1,dea3de7c4e7aa375d564fa2ddb7099b7,59b22a78efb79a4797979612b885db36,10/08/2017 17:50,59,15.16
823,01e0386aae6c6385feedb58bd4aae5c7,1,ca38c039b717207dec906f4fa9a21db7,59fb871bf6f4522a87ba567b42dafecf,30/11/2017 00:52,184.99,16.05
702,019edbdfeb6923e55558362c2b84ec37,1,a0eef953cb25bc9ae40457e1c3c82946,5a8e7d5003a1f221f9e1d6e411de7c23,10/04/2018 05:28,69.9,8.88
606,0168a7f186c1f066748d15d8c51f489a,1,521a361808bedd9fffb32181e501e09b,5b179e9e8cc7ab6fd113a46ca584da81,22/05/2017 03:25,149.9,8.3
662,0188ca1fe398161f0f310fec985ac155,1,6ed58ce8373b3d0c7704df9daf21e4d8,5b2e94f2c22b39ccc24d34ad0f669672,05/07/2018 02:52,66,43.4
3,000229ec398224ef6ca0657da4fc703e,1,c777355d18b72b67abbeef9df44fd0fd,5b51032eddd242adc84c38acab88f23d,18/01/2018 14:48,199,17.87
693,019b8e16e30c8b9ad9bf87e039a27765,1,5d0386961a44323a9772e63672317131,5b67882648febfb6e1225e6ad7164f6b,31/07/2017 20:23,99.99,13.72
169,0068e836900867da359bd81db9227a33,1,735413ccfa564132a231aad945ef85ad,5b67882648febfb6e1225e6ad7164f6b,05/10/2017 02:24,96.99,16.44
337,00cf47526e0f7920b381b2baf4ecf1c7,1,8c81af91a9b96d073ccaf0d3402ec5b2,5bc237df65098fe211bb4818f4d26d78,18/02/2017 13:21,59.9,14.59
930,022b1f3510a95b396431fec95f5de236,1,c4369b26f349bc301a680a89415b1344,5bc55dbe2f12b6af6d83ed46023e0dc8,13/03/2018 12:20,99.9,13.82
765,01c139e11e826da7bf9782cf1ee904bf,1,11bbef4e2a44601d9dd471aa1fb433e6,5c243662ce92d84573bfaff24c3e3700,13/03/2017 19:35,339.99,12.99
220,00946f674d880be1f188abc10ad7cf46,1,4dcb49b9ca7e48d2f108d40caa77caa2,5cf13accae3222c70a9cac40818ae839,14/12/2017 19:30,99.9,18.57
221,00946f674d880be1f188abc10ad7cf46,2,9bb2d066e4b33b624cbdfec7d50b3dcb,5cf13accae3222c70a9cac40818ae839,14/12/2017 19:30,99.9,14.35
692,019b02e139cfcd97f93366f7a38f5695,1,f71973c922ccaab05514a36a8bc741b8,5dceca129747e92ff8ef7a997dc4f8ca,06/04/2017 17:02,109.9,24.05
59,0025081dcf9330f9a5052ae82c6ce396,1,4e3f399366b0047a572b6682f9bb166e,5f3ae9136c875522250f8184f253413a,02/04/2018 16:35,14.95,18.23
458,01115c06246220def210911556bdc0e5,1,c31539851232e3accbf0ef4c571f97f2,602044f2c16190c2c6e45eb35c2e21cb,20/03/2018 09:35,52.5,19.34
459,01115c06246220def210911556bdc0e5,2,c31539851232e3accbf0ef4c571f97f2,602044f2c16190c2c6e45eb35c2e21cb,20/03/2018 09:35,52.5,19.34
866,02014f2495eef0e869616829d481d743,1,43cc8e4d981bc04b9d78b12e8a908d41,6061155addc1e54b4cfb51c1c2a32ad8,24/08/2018 11:05,1240,102.63
323,00c9474e0334f7a4ffc8c3a8bd21a51e,1,4b2653088591de362e6ba85b4a474c75,610f72e407cdd7caaa2f8167b0163fd8,10/05/2018 15:50,1050.61,25.13
476,011a43bc9bb525517251ebb3ebc99b69,1,ca7966fa77959536468be3c6ce1f19e1,610f72e407cdd7caaa2f8167b0163fd8,03/05/2018 18:09,899,21.2
852,01f65c9e501f46d2a15af4d2b28e6081,1,330144665b875c2b4555f88d9f4ed7c1,620c87c171fb2a6dd6e8bb4dec959fc6,13/07/2018 19:10,199.9,20.59
848,01f216b447564f9ea791b521db577ccb,1,473795a355d29305c3ea6b156833adf5,620c87c171fb2a6dd6e8bb4dec959fc6,28/01/2017 18:44,59.9,14.59
590,015f079801c424fda3edc48be99267de,1,78b7b1ff2d3f06a589354ddf2f4f9db3,620c87c171fb2a6dd6e8bb4dec959fc6,12/04/2017 22:10,292.9,26.54
466,01144cadcf64b6427f0a6580a3033220,1,b8a0d73b2a06e7910d9864dccdb0cda2,620c87c171fb2a6dd6e8bb4dec959fc6,08/02/2018 00:15,59.9,24.7
970,02440f65dc09737b491463739c347446,1,c7b3b8509e06ae21abdd78b541215cda,620c87c171fb2a6dd6e8bb4dec959fc6,02/03/2018 10:16,119.9,15.59
130,004ca5ae248069d68e8594df8abf6ce0,1,cd71c76f5ab15f51f24fb214fc42d8ab,620c87c171fb2a6dd6e8bb4dec959fc6,14/06/2018 18:52,159.9,61.18
523,0132158c30672a8c52997a2492613ec2,1,e9eebb8e8ba0fadb9020f8ba1c003b48,620c87c171fb2a6dd6e8bb4dec959fc6,19/03/2017 23:23,399.9,13.41
237,00995d799817ecc3bd2abd8fbe59c430,1,f3b8bfa5b86249e75e5c0632acc0e82e,620c87c171fb2a6dd6e8bb4dec959fc6,01/08/2018 11:45,49.9,12.92
398,00f5fbdc777e8198c1ee008122e28ae3,1,817e1c2d22418c36386406ccacfa53e8,624f4ece8da4aafb77699233d480f8ef,03/08/2017 17:55,189,32.07
117,004157daafa0bc8672e01f00e4f0c04f,1,8b5632d7a4f86bd2f1331355305427e6,624f4ece8da4aafb77699233d480f8ef,25/05/2017 13:25,189,33.91
533,0136390286be8a34efdc801ed150568f,1,1716ea399ed8ee62ba811e6f55180f45,6338ea67c41078a46ad99cc009654956,20/07/2017 12:35,3.49,16.79
534,0136390286be8a34efdc801ed150568f,2,1716ea399ed8ee62ba811e6f55180f45,6338ea67c41078a46ad99cc009654956,20/07/2017 12:35,3.49,16.79
252,00a4d94df1c9757661679b2f4bd6d311,1,64d67d69ec57113ff99bbaab62ac1c53,634964b17796e64304cadf1ad3050fb7,04/05/2018 03:30,37.9,21.43
184,00756576f4e494406945ac21cb82cfe0,1,bfc0d01be79d9038c7720f983bf954e0,634964b17796e64304cadf1ad3050fb7,06/02/2018 02:53,137,15.71
384,00f1a34f176151c4dcbd802c244e1072,1,013ee64977aaa6b2b25475095162e0e9,640e21a7d01df7614a3b4923e990d40c,20/08/2018 15:35,69.99,14.8
164,0067c6030d65af0ff98790158ddb0020,1,02ed3b595447e948efc3eac897e4df0e,640e21a7d01df7614a3b4923e990d40c,03/05/2018 21:52,40.35,13.71
6,00048cc3ae777c65dbb7d2a0634bc1ea,1,ef92defde845ab8450f9d70c526ef70f,6426d21aca402a131fc0a5d0960a3c90,23/05/2017 03:55,21.9,12.69
820,01dd7b32b57e2e5633984f61e456b046,1,7d8e924f1da646ec896e1c0a80ef2f99,6481e96574816ead57975da2c0f6d80d,11/04/2018 12:35,16,7.87
176,006e05e81c068ddc38e48ebe189b922e,1,02475368dfb38934fe55f574024fe1d7,6560211a19b47992c3666cc44a7e94c0,03/01/2018 22:07,29,14.1
587,015e051dbb2407d4bd305635e46b732f,1,2136c70bbe723d338fab53da3c03e6dc,6560211a19b47992c3666cc44a7e94c0,01/08/2018 20:00,29,15.3
183,00750f68bb64537034e93554c64b41b5,1,526f833e1eb0a32ad9351145a761b9ab,6560211a19b47992c3666cc44a7e94c0,17/11/2017 10:10,129,8.16
270,00ad1a02d4d9decad15c7e8f8a9470cc,1,5403528d987ad26e8d7cb25940411987,6560211a19b47992c3666cc44a7e94c0,07/08/2018 12:50,49,19.25
202,008819c6d5f6da6fa5cd9d50ca927cf4,1,57f2bc497c1a3ebe41ba7a06d78ed159,6560211a19b47992c3666cc44a7e94c0,06/08/2018 21:50,55,7.65
24,001021efaa8636c29475e7734483457d,1,5d7c23067ed3fc8c6e699b9373d5890b,6560211a19b47992c3666cc44a7e94c0,05/03/2018 09:35,49,15.1
118,00418a49a685c6bb60633291c3fab17a,1,5e21d5cab5d33e770d8150a4ee6117db,6560211a19b47992c3666cc44a7e94c0,09/10/2017 20:50,49,7.78
613,016befe103ce7c9e5b1b7ef359777eea,1,6c321ed0f47858a8650f4104771224b5,6560211a19b47992c3666cc44a7e94c0,08/09/2017 10:25,49,11.85
994,024f8681c73783017f7cd5d5b061be3a,1,6c321ed0f47858a8650f4104771224b5,6560211a19b47992c3666cc44a7e94c0,18/09/2017 13:25,49,7.78
149,005a1dded353107dbabf8ffc83a20365,1,7e6c4a0bf900e259f50ba63331fd2785,6560211a19b47992c3666cc44a7e94c0,15/02/2018 18:10,75,14.28
849,01f3ed0a20c6db39216985812a092bea,1,8bd822c04ee6a8292a7b0debc3dbd74a,6560211a19b47992c3666cc44a7e94c0,23/08/2018 06:09,99,15.79
845,01efe0209a92b2f21f6e0edee4bd4eb6,1,a92930c327948861c015c919a0bcb4a8,6560211a19b47992c3666cc44a7e94c0,26/06/2018 19:30,78,18.65
492,012248555cb0bf51df99199cef81d562,1,aa8d88eb4b9cb38894e33fa624c4287f,6560211a19b47992c3666cc44a7e94c0,07/02/2018 17:52,55,15.83
828,01e515b157491fa28d3b56e7ef342573,1,aa8d88eb4b9cb38894e33fa624c4287f,6560211a19b47992c3666cc44a7e94c0,03/05/2018 07:52,55,12.83
217,0091a677651feaf5a08d7bb147681e14,1,bf06a69bb27c58156391de458700f3e7,6560211a19b47992c3666cc44a7e94c0,28/08/2018 13:44,38,7.53
302,00bd50cdd31bd22e9081e6e2d5b3577b,1,e70f7c188cd2c0f01a1f6b35411cc481,6560211a19b47992c3666cc44a7e94c0,19/01/2018 09:56,78,7.8
377,00eb7b95af5ed25aaec66d4ff5295846,1,f2b67cf6ef88cbc9c2f3e482f558b318,65b081a070633e057c462abdd6fb9dd8,10/01/2018 14:30,89.9,17.07
707,01a15ee6a1b9050e7678b72cb4c3b486,1,b0141fc41043ae23a16677f3a7e282b3,65febd49fd28ec955651299159b1f527,21/06/2018 15:31,139.99,58.11
529,01336d091c57d8be1feca330c5f047bd,1,11875b30b49585209e608f40e8082e65,669ae81880e08f269a64487cfb287169,26/06/2017 20:23,65,25.73
927,0229bc966620f05d9d8fc29c704aa6ff,1,7564c1759c04fc0a38f2aa84f7a370ee,6860153b69cc696d5dcfe1cdaaafcf62,25/07/2018 14:55,45.97,13.9
218,00921e4911895b93c7b4fc0d80c0815e,1,cbecf0dca7a42c56c9ad9e20c74af1fd,688756f717c462a206ad854c5027a64a,19/06/2018 14:17,85,11.62
284,00b4c651133c06fb175123a492f1cac3,1,87ea2f45559e10519513a20b24147316,6a38087bc8ad4f89ff453561005f6dea,22/08/2018 14:27,158.9,14.59
647,017c9c82265e832840e4209750680e94,1,59089e1668cc247d055ca3f9149093fc,6a51fc556dab5f766ced6fbc860bc613,09/03/2018 18:31,159.9,25.96
212,008dc31c0ae7121f2791953ae5f532c3,1,d5f1f35337b832cc42168c69511e311d,6a8b085f816a1f75f92dbac6eb545f8f,11/01/2018 11:33,28.5,34.15
350,00d5fac7792747fba4b528f23930bebd,1,616042729c11849827291496b18e9ec5,6b243f80ed07b10f0e8aa0f21a205f3c,12/03/2018 11:55,64.9,15.33
619,016fbc333d66b414be541c6159576c40,1,b0cd550945da1de6eb9cb69595d540df,6b243f80ed07b10f0e8aa0f21a205f3c,07/06/2018 18:30,84.9,18.52
814,01da5549f136167573c8a302f008557a,1,2381a3052dd37f97e616bf160467acae,6b536a23086fba0d58c08d68814397f6,16/04/2018 03:55,150,20.02
463,0113c9989fe6e5007795daec0633b405,1,e8ca1ff2d0a28edb5be8bfbf2964dc3a,6b536a23086fba0d58c08d68814397f6,27/06/2018 13:31,49,15.44
464,0113c9989fe6e5007795daec0633b405,2,e8ca1ff2d0a28edb5be8bfbf2964dc3a,6b536a23086fba0d58c08d68814397f6,27/06/2018 13:31,49,15.44
73,002af7fa9eb99d1456bceb6a13d6fc0b,1,c2ece64199af7a53793ed9612a89a8cd,6c7d50c24b3ccd2fd83b44d8bb34e073,22/02/2018 19:46,88.34,21.11
256,00a690becda145533fa5a54daa7b6ad5,1,c2ece64199af7a53793ed9612a89a8cd,6c7d50c24b3ccd2fd83b44d8bb34e073,12/04/2018 22:09,88.34,29.08
335,00cee8a4dbb042385cbbd84699e78b2e,1,79e42c4fa2bde6e0c828d23c4fb7df35,6d66611d7c44cc30ce351abc49a68421,26/07/2018 04:25,59.9,9.17
903,0216b8a71f44f126ac083fa5d639fe47,1,9048cbd294fe0c1a3ec8c8248bc2cadd,6d66611d7c44cc30ce351abc49a68421,27/08/2018 10:55,59.9,17.63
598,016495aaab3fb481dc9decab2b4fdbfb,1,9a060643636bd1e41788cb32262ac9ef,6e864f5c4669eff3d98140a07cc50202,27/11/2017 03:48,15,7.78
312,00c42b1633c1b2fa4e937bf312466561,1,6131240aedf34224270cd6f07e8229e4,6edacfd9f9074789dad6d62ba7950b9c,18/01/2018 14:09,39.9,15.1
821,01dd912bf415bd6f499af600aebdb866,1,b2572a992f6ea1d1a7eb518d54e64620,6edacfd9f9074789dad6d62ba7950b9c,14/02/2018 23:48,118.9,12.04
773,01c2d2ffe8349c5eef0ab33e8ff1f41c,1,4a300735bc293723103db0d0c1bc1585,6f892e20a171e98efe17fdb971ff319b,19/10/2017 11:06,70.9,16.94
954,023a60303ff8d9e08b99e7474f7416ce,1,6b20221ff09d73c64c77d9d934b9904c,6fc26fe110feebd80a433e1f012a84f9,22/06/2017 02:15,59,16.17
166,00685d31ae12e47470ba5c18ba74f22c,1,71bdf1a4d18c3cd68f108547f0b4cd1c,6fc26fe110feebd80a433e1f012a84f9,31/08/2017 21:55,59,16.17
426,010078e0913f48d014483bd856c01ca1,1,96f608a5fe010cb34dc25baee3274444,6fd52c528dcb38be2eea044946b811f8,12/12/2017 15:14,49.89,8.72
151,005cad6157eadc7f1f09917607f1704a,1,7e97894cc00196a56d6ec315c68b2353,7008613ea464bad5cb9b83456e1e6a8f,20/04/2017 16:45,96,14.84
126,00482f2670787292280e0a8153d82467,1,a9c404971d1a5b1cbc2e4070e02731fd,702835e4b785b67a084280efca355756,17/02/2017 16:18,7.6,10.96
7,00054e8431b9d7675808bcb819fb4a32,1,8d4f2bb7e93e6710a28f34fa83ee7d28,7040e82f899a04d1b434b795a43b4617,14/12/2017 12:10,19.9,11.85
652,0181409c6498f79e161dde79c2a7dc59,1,656d923048a96be8ec0da05d7b71aa28,709e16e2b25c7474d980076c6bfc4806,03/08/2018 15:31,43.9,18.41
339,00d03eb3425f41a599ae2f788e23c07f,1,c35498fbb4358837ae16850f50c3fd22,70a12e78e608ac31179aea7f8422044b,22/02/2017 16:46,69,21.17
91,00335f75ea6a4455b524a8dd177067f5,1,e1bf2f209fd2b08e1af3ed71732d9008,70c27847eca8195c983ed7e798c56743,02/05/2018 22:10,168.8,8.21
881,020c01e41104519842f8a15605af646c,1,3a77cc438baf789ed16b12b553ce504a,710e3548e02bc1d2831dfc4f1b5b14d4,12/02/2017 13:10,29.99,21.82
193,007ff0b0f79be782f633fc3b18cbe337,1,e819fddd6622f30e872bfc89471c1408,7139dc5186aa238b006e066d8fbab2e4,08/02/2018 20:10,39,16.11
449,010ef5b0279d7512e7343cb775e423c0,1,20c26b058070cf8c6bbb8c8943eea98c,7142540dd4c91e2237acb7e911c4eba2,23/04/2018 12:15,59.9,14.51
477,011a56023faf5bbb9af634e20a85f7bc,1,913eefa4eb54c8a9bcb9871dfd94a0ca,71dc18fd8cbf5fd77f45dd8b427abb34,16/05/2017 07:05,120,17.28
146,00584d79015452d19fd3d044ba3abdc0,1,d9c01b484ada6a360c2715a08fdf1568,7202e2ba20579a9bd1acb29e61fe71f6,27/07/2017 19:27,109.9,12.27
138,00526a9d4ebde463baee25f386963ddc,1,0c4a0f8ab44f9acd2d04e7024f9ba362,7210cd29727d674c00741e5e387b3ccd,14/08/2018 22:15,33.89,8.4
139,00526a9d4ebde463baee25f386963ddc,2,0c4a0f8ab44f9acd2d04e7024f9ba362,7210cd29727d674c00741e5e387b3ccd,14/08/2018 22:15,33.89,8.4
140,00526a9d4ebde463baee25f386963ddc,3,0c4a0f8ab44f9acd2d04e7024f9ba362,7210cd29727d674c00741e5e387b3ccd,14/08/2018 22:15,33.89,8.4
