order_id,customer_id,order_status,order_purchase_timestamp,order_approved_at,order_delivered_carrier_date,order_delivered_customer_date,order_estimated_delivery_date
01e71f17355fc56620b0d3678f796c42,004a2b3e8b026284407c620f4f01f686,delivered,18/04/2018 22:19,18/04/2018 22:31,20/04/2018 19:42,10/05/2018 21:12,18/05/2018 00:00
0286e258217733541e80588e29c208c1,010583f85dd55d32a6db1068f58ca6f1,delivered,08/10/2017 20:37,08/10/2017 20:49,10/10/2017 21:27,21/10/2017 00:34,13/11/2017 00:00
0256530d814cde05587fcd8e1b992bc8,023d1d56f9187c91230a4e8b50ab6fb3,delivered,28/09/2017 23:57,29/09/2017 13:56,02/10/2017 16:10,16/10/2017 19:42,26/10/2017 00:00
01ba9a2e5dcc1568b55695106d677b0c,0241bf6728f2c70f948e9a51484d1435,delivered,26/02/2017 22:28,26/02/2017 22:42,02/03/2017 13:37,06/03/2017 14:22,20/03/2017 00:00
0231382a78f19752dabca6a86b618152,02cb822eec8b6309e7ce715ccea3390d,delivered,09/03/2017 21:17,09/03/2017 21:17,16/03/2017 09:30,23/03/2017 12:42,28/03/2017 00:00
022d47e6dd2e127493b8f51c8408078c,02d2c49ef9837fbf18d71940dd7cf97f,delivered,13/01/2018 17:33,14/01/2018 17:28,18/01/2018 22:41,22/01/2018 17:10,05/02/2018 00:00
010d14f76a229c295260e4ca4744acc7,02e460a9db12a0de7f952f8facb66312,delivered,01/12/2017 19:46,01/12/2017 19:57,04/12/2017 18:07,18/12/2017 16:43,29/12/2017 00:00
01d0cbd002be92b5a970cb8f233349c2,034c3cb26461c58520139e4efb33ed90,delivered,21/07/2017 14:33,21/07/2017 14:50,25/07/2017 14:33,11/08/2017 19:22,18/08/2017 00:00
01a15ee6a1b9050e7678b72cb4c3b486,03a7750fc7a7bfbd7a84b2f4f26b92f1,delivered,17/06/2018 15:15,17/06/2018 15:40,18/06/2018 15:12,25/06/2018 23:55,19/07/2018 00:00
011375f941b3695c3c3ee58bfe0d3655,03d804d4d3e76cbac2fdec148e8d2742,delivered,23/09/2017 17:59,23/09/2017 18:26,29/09/2017 23:36,06/10/2017 19:05,18/10/2017 00:00
00bd8cf08fa3998ea6ad6d16c2165822,03e0ca8ff692a46af071866422dded4c,delivered,01/12/2017 10:47,01/12/2017 11:31,01/12/2017 22:15,05/12/2017 13:20,26/12/2017 00:00
00891ba5de66f55000ee358ceea9b345,03ed7b1b35f2e55b0f4d0b9e4e07b0c3,delivered,14/05/2017 17:19,14/05/2017 17:35,15/05/2017 09:03,23/05/2017 15:05,07/06/2017 00:00
0214781b6f9215eb09fb1b78de35b07e,03fcc171d06123c951b373d1bf113748,delivered,12/08/2018 00:34,12/08/2018 01:04,13/08/2018 14:44,14/08/2018 21:22,16/08/2018 00:00
02714865c4c2f281df219af0a56ffeaa,04449133b1f1b228059b3c539fd03ed7,delivered,30/11/2017 22:21,01/12/2017 10:31,06/12/2017 12:26,12/12/2017 15:36,26/12/2017 00:00
028b18bcd128b49e2982741f83b78e77,049e1221c498aac9230d750151d75706,delivered,10/08/2018 21:54,10/08/2018 22:05,13/08/2018 15:13,15/08/2018 12:23,15/08/2018 00:00
014e36af18c280a94d880a16b2f00713,0523cd19f27a70bda29f2efb68a2db10,delivered,01/11/2017 18:14,02/11/2017 02:35,03/11/2017 19:14,09/11/2017 20:18,23/11/2017 00:00
028df34320b87c04ef6de145db2e8444,053577e4537e6b6b68b9f0e929f27d32,delivered,04/08/2018 15:07,04/08/2018 15:24,07/08/2018 09:38,11/08/2018 00:26,15/08/2018 00:00
027ae252d37e5527c2e109e268b222e2,059571e02973e94b854b30987635dcb1,delivered,19/05/2018 22:18,20/05/2018 22:18,22/05/2018 15:29,04/06/2018 19:26,08/06/2018 00:00
00ba414462370af2d76195d12e0d5481,0623ac95ea8764ca730185db76ea56a0,delivered,30/11/2017 10:00,30/11/2017 10:22,04/12/2017 21:13,16/12/2017 00:09,02/01/2018 00:00
009838529bb913846ab6670d22865381,062cc8c5ff387d407645b93970baee73,delivered,14/06/2018 09:08,14/06/2018 09:37,18/06/2018 13:56,26/06/2018 16:36,17/07/2018 00:00
0133a47b53fee66218790a8d7dcab993,0663e652f8793c2d4eb77e8185a5747f,delivered,20/04/2018 19:05,24/04/2018 18:59,23/04/2018 17:33,02/05/2018 18:07,22/05/2018 00:00
00e7ee1b050b8499577073aeb2a297a1,06b8999e2fba1a1fbc88172c00ba8bc7,delivered,16/05/2017 15:05,16/05/2017 15:22,23/05/2017 10:47,25/05/2017 10:35,05/06/2017 00:00
002c9def9c9b951b1bec6d50753c9891,06cf02bf583b05fd91bc8eec0f1b4c3f,delivered,14/05/2018 16:57,15/05/2018 17:37,17/05/2018 13:27,18/05/2018 14:37,25/05/2018 00:00
01a49649881d677e0c901ca0f6564382,07acb3c7b1fc507ae53e2e611d2b42a0,delivered,16/05/2018 10:57,17/05/2018 02:55,24/05/2018 13:47,25/05/2018 18:38,14/06/2018 00:00
0275c0ac1928093069b95bb67cba52d8,07bb78d58680e12babcfcb21476f9e14,delivered,16/02/2018 16:10,16/02/2018 16:27,20/02/2018 17:23,14/03/2018 11:45,19/03/2018 00:00
0071ee2429bc1efdc43aa3e073a5290e,081a2d41949e652a50988fd39febb4a8,delivered,22/01/2018 11:08,22/01/2018 14:17,26/01/2018 15:12,31/01/2018 23:58,15/02/2018 00:00
00921e4911895b93c7b4fc0d80c0815e,0825646a316d8b2bdddea079a5e01fda,delivered,13/06/2018 13:55,13/06/2018 14:17,19/06/2018 14:02,20/06/2018 15:21,25/06/2018 00:00
01500f2503fa84279982d9d87750021a,084064d0e425f87b49643992a88c2b43,delivered,09/09/2017 20:02,09/09/2017 20:10,11/09/2017 19:52,14/09/2017 22:12,27/09/2017 00:00
008dc31c0ae7121f2791953ae5f532c3,0855edaada8d5aeef50b56f26e604932,delivered,06/01/2018 11:22,06/01/2018 11:33,08/01/2018 19:54,29/01/2018 21:22,05/02/2018 00:00
02671152ed141efc95384bdd230bc544,08ebd000e60012404de32cacee764799,delivered,26/11/2017 21:33,26/11/2017 21:53,28/11/2017 14:23,12/12/2017 19:33,20/12/2017 00:00
021f26893462ec6a677baba7f06ce4c1,08fd236d2b9c7fb54e98c43a83d40cda,delivered,07/07/2017 15:24,07/07/2017 15:35,11/07/2017 11:56,22/07/2017 12:59,01/08/2017 00:00
0184d4ddb259e1a4cfc2871888cf97b8,09425ea1839abf2f0d289a0ff453fa21,delivered,01/09/2017 20:04,13/09/2017 22:17,04/09/2017 14:05,09/09/2017 15:12,20/09/2017 00:00
022ba76c6e0c4336514521a8cd4b8fbb,09dd621bd52c70a32eb2e306ef235b9a,delivered,17/06/2018 22:36,17/06/2018 22:59,18/06/2018 13:57,27/06/2018 14:55,16/07/2018 00:00
01dd288e8605af239a3a35e550e89235,0a88fe358661f9b9cd87d419e7bffcdd,delivered,26/07/2017 07:51,26/07/2017 08:05,26/07/2017 20:39,31/07/2017 16:26,21/08/2017 00:00
01ec6affa239058ac384542eb9f6920c,0b0e2a12cbf100c36a10fe8fb871d783,delivered,12/12/2017 22:18,12/12/2017 22:32,22/12/2017 17:04,26/12/2017 13:57,12/01/2018 00:00
020f04b3da1d597b9a00b825762299ba,0b42990c6a03665bc6591652ed10d6ae,delivered,05/07/2018 16:07,05/07/2018 16:36,06/07/2018 10:27,13/07/2018 18:28,30/07/2018 00:00
00b44ba3d7c4a5e9a9ebafef9150781d,0b5f6687d659478f1747caed607c4ec5,delivered,28/08/2018 21:10,28/08/2018 21:25,29/08/2018 13:17,30/08/2018 13:38,26/09/2018 00:00
01ccfbb0ddf88340b6eed3f1370bcf0c,0b81ac66ced97049984bd7faa500cdda,delivered,21/08/2018 20:20,22/08/2018 20:15,23/08/2018 17:47,31/08/2018 02:12,13/09/2018 00:00
00c763284c0056eed753352f5559ff0a,0bbbcba4fb2d97e129f2f2622d82eabc,delivered,31/05/2018 23:51,01/06/2018 00:10,01/06/2018 14:42,13/06/2018 15:34,04/07/2018 00:00
02640665fed0e2c2cdbe0f266a2aa1f2,0bdaa2e4eb24874165d8a289092f7407,delivered,09/08/2018 13:26,09/08/2018 14:30,10/08/2018 15:50,29/08/2018 21:22,31/08/2018 00:00
00404fa7a687c8c44ca69d42695aae73,0c34c39c897304ff49eeade3059c4c60,delivered,07/05/2018 22:38,09/05/2018 04:31,10/05/2018 18:29,18/05/2018 19:04,24/05/2018 00:00
0020a222f55eb79a372d0efee3cca688,0c45155afd8ff99622c40824057f9b34,delivered,15/08/2017 02:45,15/08/2017 03:03,15/08/2017 16:40,24/08/2017 19:19,06/09/2017 00:00
011b142c9e082a5c1d10e0a88cd9c8e8,0c7a95280b3f80eadd81c829e093dbec,delivered,23/03/2018 11:43,23/03/2018 11:55,27/03/2018 03:14,14/04/2018 19:18,16/04/2018 00:00
021d35119e0e191a4fa47715d479b6f8,0ceb28a00e14081b054eee1421d9d970,delivered,02/03/2018 13:20,02/03/2018 13:35,02/03/2018 22:44,16/03/2018 20:34,20/03/2018 00:00
023b49300b34f2b9961857266df731dc,0d0ce626603ca795728958e76c79785e,delivered,21/09/2017 09:58,21/09/2017 10:10,21/09/2017 21:40,28/09/2017 21:48,19/10/2017 00:00
00f1bb0af030935db1745ee28367ea26,0d8111a81ce6ed7cb969e28a01392f63,delivered,06/08/2018 23:19,06/08/2018 23:35,10/08/2018 12:34,18/08/2018 14:25,27/08/2018 00:00
00310b0c75bb13015ec4d82d341865a4,0dad07848c618cc5a4679a1bfe1db8d2,canceled,15/08/2018 14:29,15/08/2018 15:04,,,29/08/2018 00:00
01fac9bdfa271bcaf57218f971649ab7,0dc409c0b2ee6af05d8caf7a5676a672,delivered,21/09/2017 12:39,21/09/2017 12:55,26/09/2017 10:37,09/10/2017 19:10,14/11/2017 00:00
010ab3b1993057e91f825c672375a66d,0e17f21d1c39581137b6cbc8d14bea37,delivered,20/02/2017 08:19,20/02/2017 08:30,20/02/2017 14:11,02/03/2017 14:06,23/03/2017 00:00
0268f664f7833aa949da2eae5321aa5b,0e5cde0fdd1709898292a48802e28144,delivered,27/04/2017 23:32,29/04/2017 02:43,12/05/2017 17:19,18/05/2017 09:26,31/05/2017 00:00
0252299d97791cd5879873cba920d1f7,0ef08c64c1b6a57d81ced188dd485805,delivered,20/10/2017 12:37,24/10/2017 03:35,25/10/2017 15:45,31/10/2017 20:17,16/11/2017 00:00
005e5166e99d1e4d0c4f808b0540ba94,0f2a7baf176f693c27c891360da9ef2c,delivered,21/02/2018 11:37,23/02/2018 02:09,08/03/2018 01:10,27/03/2018 21:14,15/03/2018 00:00
0049edf42837aa808e03552a62bd2158,0f3a6d2c22bbdb61d02eb98f4a1e0dfb,delivered,30/12/2017 12:33,30/12/2017 12:48,04/01/2018 22:38,30/01/2018 22:18,01/02/2018 00:00
020c01e41104519842f8a15605af646c,0fb0919d1c2791fb41c75bec69db8df1,delivered,08/02/2017 13:10,08/02/2017 13:22,08/02/2017 15:29,14/02/2017 14:47,09/03/2017 00:00
010f223ddbec749e95ef3f5414f9c4ee,0ffe52b2e3ef0d91f5387dbcca59a841,delivered,08/06/2018 18:57,08/06/2018 20:44,11/06/2018 12:26,18/06/2018 18:42,05/07/2018 00:00
0281523bfda80130f35b98f38dfb279b,1048e3bbdf891bd8571eb3739c0c9d2a,delivered,22/09/2017 15:28,23/09/2017 02:33,25/09/2017 20:37,03/10/2017 22:47,16/10/2017 00:00
01c0514b1f2a7375948323b959cc5682,10e63f80462d8c370b091205b8f6d005,delivered,25/07/2017 20:38,25/07/2017 20:50,27/07/2017 14:17,11/08/2017 20:18,28/08/2017 00:00
024bee763e8abbf0cd46fa7f440c41ea,110da78c3da35776c00e4ddee0646997,delivered,06/08/2017 22:47,07/08/2017 15:45,11/08/2017 18:42,17/08/2017 18:12,31/08/2017 00:00
0170fdd7ac7c7bbad5308207bd25a679,116e210883e0ea55bea66b38c5d71ede,delivered,04/07/2017 17:46,05/07/2017 17:40,07/07/2017 16:02,10/07/2017 17:55,17/07/2017 00:00
00aa423621f35a9ca6c6240f275b0640,121e7c7ff597fcb5ad44189ffccafa70,delivered,23/11/2017 14:51,23/11/2017 15:10,24/11/2017 22:03,04/12/2017 19:24,13/12/2017 00:00
01c95de6d0852189b4d6b6d32a3c8e0c,12a9f04e1b2cad4b8f510168f31d5663,delivered,03/08/2017 23:13,04/08/2017 07:55,07/08/2017 12:52,08/08/2017 15:49,16/08/2017 00:00
017cf0b342401318dcaeb25478e13a6f,131227776a8b159a13938a0abfa95c5f,delivered,30/12/2017 02:09,04/01/2018 23:17,09/01/2018 23:16,13/01/2018 17:04,01/02/2018 00:00
010fadb12341d8253d920362fc8f7a16,135bbed7ce32647898c18ba5907cb80a,delivered,09/02/2018 17:28,09/02/2018 17:35,21/02/2018 21:13,05/03/2018 23:49,06/03/2018 00:00
0079bca8e89bd52fdb87408e4f3fb94d,137f50d5bfbcfb9578c50605cc9adb16,delivered,03/05/2018 18:55,05/05/2018 03:33,07/05/2018 11:10,08/05/2018 20:58,18/05/2018 00:00
00949655cdd8d0465e433a5e6c9643e5,141bdfe99910207edd84c00700397580,delivered,25/06/2018 21:14,27/06/2018 08:30,27/06/2018 11:01,28/06/2018 18:22,05/07/2018 00:00
01e51b7c3025655646143d09b911e1d7,1441fb0aa631b791bcb461e549d7b7ce,delivered,14/01/2018 09:41,14/01/2018 09:50,15/01/2018 23:52,31/01/2018 19:52,06/02/2018 00:00
01946da9e2db8bab61d79296c037ee1f,14532f1320645821a6da04e049dc6b53,delivered,06/01/2018 17:48,06/01/2018 18:06,08/01/2018 17:42,25/01/2018 19:41,06/02/2018 00:00
01e9b3d727e46edf036b0bd549c38bb4,14615837f83937b2dea94361cfb6770d,delivered,20/01/2018 21:14,20/01/2018 21:41,22/01/2018 18:09,05/02/2018 21:37,19/02/2018 00:00
011b8dd4f8c36fd4fcf50643ce91d58a,1477ef68b5dbf1417fead5a9814cf047,delivered,07/07/2017 22:00,08/07/2017 22:05,01/08/2017 13:17,04/08/2017 20:57,14/08/2017 00:00
00f86b368251d739f1896d41469b2b7a,14c152bfbd60c86aa6bc4d4e68a9378e,delivered,17/08/2018 23:15,17/08/2018 23:30,20/08/2018 12:33,28/08/2018 18:12,31/08/2018 00:00
012a238ab54294a3b365812ccc82b135,14f41b6464ff102ab009a269052e7a11,delivered,07/09/2017 18:21,07/09/2017 18:35,13/09/2017 10:11,19/09/2017 18:44,04/10/2017 00:00
00d4439957b7fd3f8da4a33a965817fb,150262ecde07c5bc549ca2cc732dcbde,delivered,19/04/2017 07:47,19/04/2017 08:02,20/04/2017 09:17,03/05/2017 10:43,11/05/2017 00:00
00bca4adac549020c1273714d04d0208,1541ebabf956d17f3afe883790bd7dd3,unavailable,14/02/2017 14:49,14/02/2017 15:03,,,13/03/2017 00:00
00cf47526e0f7920b381b2baf4ecf1c7,1563bfe4b8d21ed87a2dd20cb1fae1a7,delivered,09/02/2017 13:21,09/02/2017 13:35,10/02/2017 13:27,16/02/2017 10:34,17/03/2017 00:00
024d4ef645f204e4f95cb2a0d9cc61f9,1586d296dc10717a16c0ebfbd90439b5,delivered,29/10/2017 09:07,31/10/2017 04:10,31/10/2017 22:14,10/11/2017 18:35,24/11/2017 00:00
016befe103ce7c9e5b1b7ef359777eea,15f3f60c0575a9f2a7d5434f7b8a7692,delivered,03/09/2017 10:11,03/09/2017 10:25,04/09/2017 15:21,11/09/2017 14:36,21/09/2017 00:00
0005a1a1728c9d785b8e2b08b904576c,16150771dfd4776261284213b89c304e,delivered,19/03/2018 18:40,20/03/2018 18:35,28/03/2018 00:37,29/03/2018 18:17,29/03/2018 00:00
01f74145603bef2ef33949099b48ad28,16164e94f3a6460de7a0700e99b330ae,delivered,27/12/2017 17:27,27/12/2017 17:35,28/12/2017 22:24,05/01/2018 00:33,29/01/2018 00:00
018cb6a10649393055c272ba2984e8bb,169c3ca987a830baef97320592292dae,delivered,03/04/2018 18:28,03/04/2018 18:49,04/04/2018 19:12,25/04/2018 17:42,30/04/2018 00:00
0182f6cbb4fb10918a76485fc92d7c49,16c11c76b58be7de894336de67d21260,delivered,25/11/2017 00:40,28/11/2017 03:33,04/12/2017 20:58,12/12/2017 20:09,19/12/2017 00:00
02881d166b44a823fd6947e715dfa5e4,16c1bb03adb08d986a62093823959ec6,delivered,29/09/2017 12:31,30/09/2017 02:24,04/10/2017 12:47,10/10/2017 18:59,30/10/2017 00:00
02342201aaaf713fa9f51c6d44444424,1730e1c6c871728cb55c1648810fa30b,delivered,29/01/2018 12:39,29/01/2018 12:52,30/01/2018 19:29,05/02/2018 19:08,20/02/2018 00:00
0209ef2fa3cce5eb798c98f5b6142849,1735aa00e7e53aafa92b65a536089fdb,delivered,24/02/2018 22:44,24/02/2018 22:55,26/02/2018 21:13,27/02/2018 21:21,12/03/2018 00:00
004fb5e6f90a178dc74ad2b016649249,176a76443d14508cc976f1d84a44921d,delivered,11/06/2017 09:46,11/06/2017 10:02,12/06/2017 15:45,16/06/2017 16:27,03/07/2017 00:00
011fcb4fabb3e142579ad63472b11227,1798df51bcc12309eb0ac35f5bb5875f,delivered,10/02/2018 10:45,10/02/2018 13:50,14/02/2018 19:58,14/03/2018 22:38,07/03/2018 00:00
0115f8bb1dc16d3fac863ce1deb037b6,17ec3674dce86b3240e0a333cc51112e,delivered,30/06/2017 19:13,30/06/2017 19:25,03/07/2017 11:59,07/07/2017 17:12,21/07/2017 00:00
01e9feecd7fba975c1869a8fbbb38b65,18a76d8e984df9cc300315102a1008b4,delivered,28/03/2017 20:44,28/03/2017 20:55,30/03/2017 15:48,04/04/2017 16:32,19/04/2017 00:00
003423b755b562962a6225a8de40d12e,18f1bb6325d50619d5c13b7a25b869fd,delivered,08/07/2018 11:28,10/07/2018 04:25,13/07/2018 15:00,24/07/2018 21:33,08/08/2018 00:00
0166cc8756d58b4a30fb49de83527120,19e9dac43eee8df98092482fdce676da,canceled,08/02/2018 21:09,08/02/2018 21:27,09/02/2018 23:12,,22/02/2018 00:00
00bf1320ffb5fe47a845feca16c0e0b4,1a4dcc966b712214d7c0d25f13fa2deb,delivered,26/09/2017 12:58,27/09/2017 15:49,17/10/2017 21:52,01/11/2017 14:57,24/10/2017 00:00
006127b8b9a1681a982313ed7129c3c0,1aac2b5adf8aec2c00fe67d06aa8ebc2,delivered,08/03/2018 16:01,09/03/2018 02:31,13/03/2018 03:42,20/03/2018 22:27,26/03/2018 00:00
00c405bd71187154a7846862f585a9d4,1ab52508d3c58d96241850142347b75f,delivered,23/10/2017 14:59,23/10/2017 15:14,25/10/2017 13:30,31/10/2017 18:47,17/11/2017 00:00
02036bc298ab3c1efc98b116f420d646,1b0555269127c13e727a1f3cb545faf2,delivered,23/08/2018 06:32,23/08/2018 06:45,23/08/2018 12:28,27/08/2018 23:26,10/09/2018 00:00
01f67ca8027e959060afd840aa06f465,1b606aeedafbe92f4c55f4fcad9dbcb4,delivered,30/04/2018 16:19,02/05/2018 09:33,03/05/2018 12:26,04/07/2018 18:47,24/05/2018 00:00
0277fae7eda81470bf6c87dc570e267a,1b7500033ab2ef2a6e9a8e9b9aa3d660,delivered,08/02/2018 20:14,08/02/2018 20:29,16/02/2018 00:57,15/03/2018 20:51,09/03/2018 00:00
009e11afa25aa95ae78e60a793995c9b,1b7c152aba1c7478309329cfec0bb5d1,delivered,19/10/2017 23:56,20/10/2017 00:15,20/10/2017 16:39,31/10/2017 23:22,08/12/2017 00:00
006dd93155bc2abd844cc5eed3a0fe7f,1b9506de3da8fd318853195b13fb2dda,delivered,02/12/2017 01:20,02/12/2017 01:29,06/12/2017 00:22,07/12/2017 20:43,03/01/2018 00:00
01b4dfef1c8848e8c0431ce17f5f72ea,1ba23b73f82990c2de74ebf5a28838b8,delivered,04/08/2018 13:58,04/08/2018 14:10,07/08/2018 14:53,16/08/2018 18:38,23/08/2018 00:00
003d804eef0e1b856881cd18e0cc0d4c,1c1bfb2cd4aa789067295941c42120ff,delivered,17/11/2017 19:43,18/11/2017 12:15,21/11/2017 22:38,10/01/2018 23:19,18/12/2017 00:00
017b11be3048fdfb58e63edc5fc8f4b8,1c34888248845ed3c9607a2652adad9c,delivered,14/06/2018 23:39,14/06/2018 23:58,15/06/2018 13:35,25/06/2018 19:51,11/07/2018 00:00
0132451f29a10b66a5cf1bacc85f9afe,1c5b37d20011c637ad1a5b6d423c7483,delivered,08/11/2017 17:08,09/11/2017 17:08,10/11/2017 18:48,17/11/2017 18:58,07/12/2017 00:00
0210336762a2618a562576d1266efefe,1c6168ef4f5ddbdedf48f60a4e21128e,delivered,16/04/2018 18:07,16/04/2018 18:55,17/04/2018 18:31,01/05/2018 15:08,10/05/2018 00:00
02870408b4c4492b036a48140f2092ed,1d50170cec4905b52a53fc43cf2eb0f7,delivered,21/01/2018 11:41,22/01/2018 13:47,29/01/2018 18:44,05/02/2018 23:14,01/03/2018 00:00
016f868b096c236312e8bcb818ccd11d,1dd56893d8735089534b232e039b831c,delivered,27/01/2018 19:24,27/01/2018 19:33,29/01/2018 17:51,01/02/2018 21:50,14/02/2018 00:00
026b41054c5e6b7a4e94a971bb94193c,1e0cf6a24bb919d69e632aba60a69ead,delivered,03/02/2017 18:25,03/02/2017 18:35,04/02/2017 08:56,11/02/2017 06:21,10/03/2017 00:00
025a244ae3d5e6c53b7f9c902643f510,1e1ee4caf4aaf60c6f5e95263a294267,delivered,15/08/2017 14:37,16/08/2017 03:15,21/08/2017 15:09,28/08/2017 18:42,11/09/2017 00:00
010061e3aa0c6ed5e393dda0652bbee8,1e427598ddcfbca80566d2bcd92dd995,delivered,13/11/2017 09:49,14/11/2017 03:35,21/11/2017 19:18,24/11/2017 00:58,27/11/2017 00:00
00bd50cdd31bd22e9081e6e2d5b3577b,1e47b918581b562a9d8d9f85fcb9b1e5,delivered,14/01/2018 22:31,15/01/2018 09:56,15/01/2018 19:43,22/01/2018 16:03,30/01/2018 00:00
002f16b7bc4530031b7d90f791b12d8a,1eeffe21744883fbf61fbf138dbb8eee,delivered,02/07/2018 16:51,02/07/2018 17:11,03/07/2018 16:35,06/07/2018 18:14,25/07/2018 00:00
01f48b2a27229e667db384b5b9d5dfa4,1f4e48d20f0deaacefd7fc19a4382c65,delivered,16/05/2018 22:32,16/05/2018 22:55,17/05/2018 15:21,18/05/2018 15:46,28/05/2018 00:00
017c9c82265e832840e4209750680e94,1ff23faa252154298c3e52a1e36c1cda,shipped,05/03/2018 18:13,05/03/2018 19:00,08/03/2018 01:26,,26/03/2018 00:00
01af7745a283aeb0f0754495c4b51ac7,200b152d4fcc6b4fba34c286b4c83a17,delivered,28/02/2018 13:28,01/03/2018 11:14,02/03/2018 22:07,15/03/2018 18:56,21/03/2018 00:00
00f5fbdc777e8198c1ee008122e28ae3,2010587cb06df66a241fa29a40cdf9ab,delivered,29/07/2017 17:43,29/07/2017 17:55,31/07/2017 21:23,10/08/2017 09:44,24/08/2017 00:00
0011d82c4b53e22e84023405fb467e57,2013d892495e1a101d742d533d2d1119,delivered,16/01/2018 21:43,16/01/2018 21:51,23/01/2018 22:08,26/01/2018 22:14,15/02/2018 00:00
014fc889637133d9075190ba873dfc03,20296443465a67e0ac27c5a61f685453,delivered,18/01/2018 14:36,18/01/2018 14:55,22/01/2018 22:41,24/01/2018 17:13,02/02/2018 00:00
0176e50f3853fa068127afa3daff6402,20899a98f69e29ac34d852719a64f431,delivered,14/12/2017 16:45,14/12/2017 16:54,15/12/2017 17:31,29/12/2017 15:53,19/01/2018 00:00
01d1bb79f3dee77d8a6809aff0025590,211c5e59e4228e0ea780f1ab02f3029b,delivered,15/08/2018 23:28,15/08/2018 23:43,16/08/2018 14:31,21/08/2018 10:52,28/08/2018 00:00
01358622f65717728b3b2ec2cf4e8812,21307401801cf2242315563c89d8b9fb,delivered,28/10/2017 22:00,28/10/2017 22:10,30/10/2017 18:45,31/10/2017 18:08,10/11/2017 00:00
0081ce648af7d6a7bac2a93b6035d1e3,21fac8ff24f5231ff8f105323fea28a7,delivered,08/11/2017 13:38,09/11/2017 05:31,10/11/2017 18:28,22/11/2017 19:33,01/12/2017 00:00
018778568fad26695334c784563c08d4,223961a1714e148c0c249487eeac351c,delivered,15/10/2017 13:21,15/10/2017 13:35,16/10/2017 19:07,24/10/2017 19:33,03/11/2017 00:00
01c22546c4f9914e232006df82d96e0f,2269aa9a9e0847496cf2a7c2d86ad59b,delivered,09/09/2017 16:45,09/09/2017 16:55,12/09/2017 15:55,21/09/2017 18:04,28/09/2017 00:00
023669233121f0fb7899e5be2b22885f,22c15b46adce8afdd7d58e6582752263,delivered,16/04/2018 13:14,17/04/2018 04:54,18/04/2018 20:23,19/04/2018 16:37,02/05/2018 00:00
0008288aa423d2a3f00fcb17cd7d8719,2355af7c75e7c98b43a87b2a7f210dc5,delivered,13/02/2018 22:10,15/02/2018 03:55,20/02/2018 18:23,26/02/2018 13:55,06/03/2018 00:00
006e43460a55bc60c0a437521e426529,23bfd4316e261786deed5a08231c75bc,delivered,11/05/2017 00:24,11/05/2017 01:30,12/05/2017 12:26,19/05/2017 09:51,02/06/2017 00:00
025884a2189930178d9ba3b1c6d0f9ba,23ff057c563ba09553c1a7d37520a43a,delivered,20/03/2018 09:29,20/03/2018 09:48,21/03/2018 21:36,28/03/2018 15:14,16/04/2018 00:00
0025c5d1a8ca53a240ec2634bb4492ea,2430ad4b1b6efb56cf3050b5d3cf5e54,delivered,08/07/2018 09:17,08/07/2018 09:30,10/07/2018 13:36,31/07/2018 10:51,03/08/2018 00:00
0044c6f6d22dd280534344177c81b989,24436139c80a4ae51c0e3a98469ed7d4,delivered,18/05/2018 16:59,18/05/2018 17:15,21/05/2018 14:46,04/06/2018 20:12,12/06/2018 00:00
012e93f8170eb75b2f2f650629d04517,247d810acdcbc96b05e98fa5ddbc250e,delivered,01/02/2018 23:27,01/02/2018 23:51,02/02/2018 20:37,07/02/2018 15:15,01/03/2018 00:00
02119fc90b970a6b0f5f554659843ab4,247eb12909a8db3cc579b1260c3061e6,delivered,28/06/2017 12:47,29/06/2017 02:45,30/06/2017 08:11,20/07/2017 15:49,01/08/2017 00:00
016b451bbcd4f0766dcbeb082cfe89db,24b3827e65cf09e06d6510524822749c,delivered,09/01/2018 11:25,09/01/2018 11:32,11/01/2018 22:34,19/01/2018 22:47,26/01/2018 00:00
02725851051698269253f0823e7824b6,24b77bdd27f5e6aea7149886b72286ec,delivered,04/09/2017 21:54,04/09/2017 22:05,05/09/2017 18:34,08/09/2017 15:26,15/09/2017 00:00
01f5bb59c4e3a373ee5cade4e69ae92f,24c7cad158eb1baa048288b63c1d6085,delivered,19/03/2018 11:53,19/03/2018 12:10,20/03/2018 00:50,23/03/2018 23:21,10/04/2018 00:00
028ad19261e3ad3406ca689348755456,24cb3cfbb2834d6ec16baeef3933d55b,delivered,18/05/2017 15:19,18/05/2017 15:30,19/05/2017 09:51,26/05/2017 10:03,16/06/2017 00:00
014176e9538672a32d2a9b73bf53a31f,2584307af792d605f55f588694980576,delivered,01/12/2017 11:01,01/12/2017 11:31,06/12/2017 19:53,19/12/2017 19:07,29/12/2017 00:00
022b1f3510a95b396431fec95f5de236,2584a8c397f871fab8d373d60dedd289,delivered,07/03/2018 11:34,07/03/2018 12:20,07/03/2018 22:12,10/03/2018 16:22,23/03/2018 00:00
01cadf993df82ff0e318addbd022f0fe,25ed0dc24f7c50b87f638e5b368d06ca,delivered,15/10/2017 19:48,15/10/2017 20:20,16/10/2017 16:38,23/10/2017 18:38,10/11/2017 00:00
0068e836900867da359bd81db9227a33,26355ea90aab63ebf5e90caa825a943d,delivered,29/09/2017 11:24,30/09/2017 02:24,30/09/2017 15:07,05/10/2017 20:51,24/10/2017 00:00
019636907d07b2433be000d9d6bed153,2653ffa2adf76d9827e1458918c125ef,delivered,16/11/2017 15:55,16/11/2017 16:08,17/11/2017 21:41,23/11/2017 23:38,05/12/2017 00:00
00995d799817ecc3bd2abd8fbe59c430,266636baec3cfa8d854713f0b465a2cb,delivered,26/07/2018 11:25,26/07/2018 11:45,01/08/2018 14:05,02/08/2018 18:56,08/08/2018 00:00
00e6bc6b166eb28b4502c1cad4457248,267bfea62bbfc1342ffc898248403bb6,delivered,01/07/2018 23:18,01/07/2018 23:30,02/07/2018 14:05,05/07/2018 18:27,30/07/2018 00:00
00ceda91cb2ded8570ca73e70571740a,26c6e0c2d9f2ea36acb63a8af98f7a9a,delivered,06/02/2018 10:46,06/02/2018 11:50,06/02/2018 21:28,16/02/2018 14:34,06/03/2018 00:00
00d88c00221ce96a1cfcaca9f2fceb3b,2726ee187e4908c9683ac2a8a0424af1,delivered,06/03/2018 23:02,06/03/2018 23:15,08/03/2018 20:50,28/03/2018 15:49,28/03/2018 00:00
0297a2a062d136015afa9f5d9623818f,2741d30aa289cae1b78c923cf31e6470,delivered,28/01/2018 15:27,28/01/2018 15:34,30/01/2018 14:44,14/02/2018 21:29,20/02/2018 00:00
00af3d9ddff7f256e83d79247dbe1a9f,279084854f91753f3c2feba81d4573a5,delivered,21/02/2018 12:11,21/02/2018 12:30,22/02/2018 18:52,07/03/2018 23:47,26/03/2018 00:00
0193a99edc8c599aaa16f9b9e991efb8,27b04e3afd2217cfac1020a7da0cfc25,delivered,29/07/2018 07:27,29/07/2018 07:35,30/07/2018 15:11,01/08/2018 22:32,13/08/2018 00:00
00a690becda145533fa5a54daa7b6ad5,2826dbfaa1d90ea2b97c93c35fc4cd92,delivered,08/04/2018 21:55,08/04/2018 22:09,09/04/2018 22:28,24/04/2018 12:57,08/05/2018 00:00
00b9e0f8f588d0406a3de447eb606970,282ab86c49646e5a18507b088ee0d74c,delivered,22/01/2018 11:18,23/01/2018 03:37,26/01/2018 17:54,16/02/2018 18:23,14/02/2018 00:00
01bb52d7a8dffb8bef5b79268487cd10,28c250c622ecb0309adc441f549d9a0f,delivered,06/06/2017 12:54,06/06/2017 13:42,07/06/2017 11:51,19/06/2017 14:38,30/06/2017 00:00
0198c71148c2e08c7c52b860f640fa4e,2938121a40a20953c43caa8c98787fcb,delivered,08/05/2018 06:34,09/05/2018 04:31,10/05/2018 18:12,18/05/2018 18:49,29/05/2018 00:00
01a9d731c0f08f4f79c10b7679dcdebf,295c9951f74b6afccdda7ae478526cfb,delivered,05/08/2018 18:27,05/08/2018 18:44,13/08/2018 11:53,17/08/2018 16:18,22/08/2018 00:00
02564f320004c61ebf621191f06365a9,29880b59222c463f415962d277f449df,delivered,18/02/2018 17:02,18/02/2018 18:06,22/02/2018 12:59,02/03/2018 17:03,09/03/2018 00:00
00fdb72e467da6f3b000b19b368a6cf6,299735fa1daa3e83ee1048309d22f9da,delivered,24/10/2017 21:31,24/10/2017 21:49,27/10/2017 20:47,31/10/2017 22:18,24/11/2017 00:00
0064d74f7de7917d54768d7722ad56ac,29dbee0c474f373b72267a9e886522ee,delivered,10/09/2017 21:45,10/09/2017 21:55,12/09/2017 17:15,14/09/2017 17:26,28/09/2017 00:00
01b4a2ad3420c19a1c7c402513e7725c,29fe805fdb52514ef2b8cd76491d1bba,delivered,09/01/2018 08:52,09/01/2018 09:08,09/01/2018 16:15,18/01/2018 19:52,05/02/2018 00:00
0009792311464db532ff765bf7b182ae,2a30c97668e81df7c17a8b14447aeeba,delivered,14/08/2018 20:43,15/08/2018 12:15,15/08/2018 15:28,22/08/2018 12:02,28/08/2018 00:00
000e562887b1f2006d75e0be9558292e,2b01d668726fb0b751c55918c0437b7b,delivered,22/02/2018 11:54,22/02/2018 12:08,26/02/2018 14:18,12/03/2018 18:46,19/03/2018 00:00
00c00d5b36157595e21108ba1da2828f,2b27fae969b7d2bc173e466a742e50c6,delivered,11/09/2017 19:35,13/09/2017 03:25,28/09/2017 13:11,04/10/2017 18:14,27/09/2017 00:00
002611a77fe03d076285fd4ca95db77c,2b6cb6a4852a866c3b71dcbc7c5a2fce,delivered,27/02/2018 17:46,01/03/2018 02:49,02/03/2018 03:12,22/03/2018 19:03,26/03/2018 00:00
01094e169d4b14edaf6954eeddb83633,2b7ad3fc92af63027a7748b084f9b439,delivered,27/09/2017 13:54,27/09/2017 14:07,04/10/2017 13:08,17/10/2017 20:43,26/10/2017 00:00
00daac8efd71674d62356c2a306d1e4c,2b99e152f2351410951c503a2f6a2d7e,unavailable,21/11/2017 19:20,21/11/2017 19:29,,,12/12/2017 00:00
00f33ee62c15223679d3550e751c37cd,2c499841f2c353053fd296844c4908f5,delivered,25/11/2017 16:17,25/11/2017 16:32,30/11/2017 15:25,18/12/2017 18:09,18/12/2017 00:00
00c62d05602c1ca8164b98746d127fa8,2c64fc3c9f0672a9f2481654a7bf109b,delivered,03/06/2018 11:10,05/06/2018 04:52,05/06/2018 10:57,12/06/2018 20:15,12/07/2018 00:00
0016dfedd97fc2950e388d2971d718c7,2c8b917c5d7dd720ebe36a5ed3b501ec,delivered,28/04/2017 19:54,29/04/2017 10:05,16/05/2017 08:40,22/05/2017 18:32,01/06/2017 00:00
029a092ea19290f774d21c51fd7ac45f,2cd8c5d16f98a776a87ccfeb14c0ed33,delivered,29/01/2018 17:33,31/01/2018 13:32,01/02/2018 18:25,05/02/2018 18:17,26/02/2018 00:00
001862358bf858722e1e2ae000cfed8b,2cf869dd40c98f29686f636d83545cce,delivered,06/02/2018 19:11,07/02/2018 19:10,08/02/2018 17:44,15/02/2018 22:57,02/03/2018 00:00
016754282c7690ebd6658f9f8e0a49bb,2d5ef00df7f7b3574cee1033e6ec53cf,delivered,06/06/2017 12:35,06/06/2017 13:30,07/06/2017 12:40,08/06/2017 10:04,21/06/2017 00:00
014405982914c2cde2796ddcf0b8703d,2de342d6e5905a5a8bb3a991c855f3e2,delivered,26/07/2017 17:38,26/07/2017 17:50,27/07/2017 19:39,31/07/2017 15:53,17/08/2017 00:00
001021efaa8636c29475e7734483457d,2dfbf74859104caf100df3720a1d833d,delivered,27/02/2018 09:27,27/02/2018 09:35,27/02/2018 21:43,08/03/2018 20:06,23/03/2018 00:00
01855f880aae9a984c7c33b26fcf2e02,2e068340b3037f667ce3224bd59260af,delivered,19/10/2017 15:08,19/10/2017 15:35,23/10/2017 13:14,24/10/2017 15:57,31/10/2017 00:00
00143d0f86d6fbd9f9b38ab440ac16f5,2e45292979b9b2700ea09560eeb0f803,delivered,16/10/2017 15:29,16/10/2017 16:07,16/10/2017 23:04,27/10/2017 18:43,06/11/2017 00:00
01d48ed99667ce49eaeaa7980a31b987,2e704319d4930866cfa99a7508fe0351,delivered,08/03/2018 09:31,08/03/2018 09:48,09/03/2018 00:10,10/04/2018 23:11,27/03/2018 00:00
0221d784b11a24077b3531e860b73434,2e8a717f1328396791b375f2d401def0,delivered,14/12/2017 09:40,14/12/2017 09:52,14/12/2017 21:42,26/12/2017 23:19,12/01/2018 00:00
019edbdfeb6923e55558362c2b84ec37,2ec93611c4a36c30917dcc0ba589d5d9,delivered,01/04/2018 07:31,03/04/2018 05:28,04/04/2018 18:04,05/04/2018 18:58,13/04/2018 00:00
0029c5db35ef291ce99d1262012e7daa,2f08bf21468eccdf69598582d4b89fb5,delivered,25/08/2018 00:09,28/08/2018 03:50,29/08/2018 13:24,30/08/2018 18:34,03/09/2018 00:00
025a548c7e6d70e6b6cf600a112b0d9c,2f70159435ac1cfc015410b83084620a,delivered,01/06/2018 12:39,01/06/2018 12:52,04/06/2018 15:30,15/06/2018 00:21,24/07/2018 00:00
00df27e666004db9f14bce766fa5327c,2f9fe192fe03e0b19bbe3ff35f3100c5,delivered,18/11/2017 11:44,18/11/2017 11:55,20/11/2017 22:16,23/11/2017 21:09,07/12/2017 00:00
00e0bac9f6306d8269770acf4ee4b027,2fddb001e84993ba7e785f11415bc5cb,delivered,04/03/2018 23:02,06/03/2018 03:49,07/03/2018 23:04,27/03/2018 01:58,29/03/2018 00:00
00b7174ea52bb811ebe2663add51afc0,2ff1efea5cf92067b167101227abb467,delivered,16/05/2018 09:57,16/05/2018 10:12,17/05/2018 14:40,21/05/2018 16:11,08/06/2018 00:00
02680f764ca402aabbb86572ed2731ef,30aeb7b5117f7b889862eaa74b545e2d,delivered,28/05/2017 17:18,28/05/2017 17:30,30/05/2017 10:11,31/05/2017 05:49,19/06/2017 00:00
00ef7ed06a55243f3e6a9d373a89eb14,30c93f8296b9a02c0eec5de60b94f98c,delivered,12/01/2018 16:43,13/01/2018 17:31,15/01/2018 19:23,15/02/2018 19:33,05/03/2018 00:00
01d80471e02a3ba49c8e1d0abc2c1a64,3106fe6ef3e7aa3053de377e22826161,delivered,03/05/2017 19:35,08/05/2017 23:32,08/05/2017 15:45,16/05/2017 13:11,02/06/2017 00:00
01988bf5b8acbc4d6ced86e4d47fcb1a,32414a38e12950c3121fec300b889ee4,delivered,02/01/2018 22:04,02/01/2018 22:14,10/01/2018 18:09,22/01/2018 22:05,02/02/2018 00:00
003822434f91204da0a51fe4cf2aba18,327679cc34d41d4c48ee5e55246aa6d6,delivered,13/06/2018 14:10,15/06/2018 02:37,15/06/2018 14:48,19/06/2018 13:34,20/07/2018 00:00
00335f75ea6a4455b524a8dd177067f5,32b84239e3f3904ac162d832454770c7,delivered,25/04/2018 21:47,25/04/2018 22:10,27/04/2018 14:49,03/05/2018 22:16,28/05/2018 00:00
00054e8431b9d7675808bcb819fb4a32,32e2e6ab09e778d99bf2e0ecd4898718,delivered,10/12/2017 11:53,10/12/2017 12:10,12/12/2017 01:07,18/12/2017 22:03,04/01/2018 00:00
016d1bdf6efab4f6b805df1c03043113,32ea572ef909ce200bf5097211d79d22,delivered,04/10/2017 20:26,04/10/2017 20:35,05/10/2017 19:50,01/12/2017 18:49,31/10/2017 00:00
01015fb6493ea5b9ba105c80b5452da1,32f56b65a879ae7a310257eb5bf070aa,delivered,09/01/2018 21:01,10/01/2018 10:32,12/01/2018 20:43,06/02/2018 18:37,30/01/2018 00:00
01dbd2da9b685e6d444416f7825d0931,332cd7b9d5b2e74bf7553bfac694996d,delivered,04/10/2017 22:21,04/10/2017 22:35,06/10/2017 13:18,20/10/2017 21:53,07/11/2017 00:00
00d0ff2017f9ea13dd7eec7470ca473a,3341e65ccc3a083fcc8775020854154f,delivered,18/06/2018 11:12,20/06/2018 02:55,22/06/2018 14:13,27/06/2018 14:42,18/07/2018 00:00
00a57dfbb049fbaae10763e2cf15f797,33653a722db1d2f6bfe739b3a07f11d6,delivered,20/07/2018 11:09,21/07/2018 03:25,23/07/2018 13:19,30/07/2018 19:25,13/08/2018 00:00
008fab5602c441d51f30b1464f5d4643,337e39b83fac394e62eb7876f45ee981,delivered,22/02/2017 10:37,22/02/2017 10:50,22/02/2017 14:03,03/03/2017 12:43,23/03/2017 00:00
024602a52e3c89ca5f963affcd2bedad,33e9f4b9cf16be89234b0eac5a37173c,delivered,06/07/2018 20:07,06/07/2018 20:31,10/07/2018 15:27,16/07/2018 14:52,30/07/2018 00:00
00789ce015e7e5791c7914f32bb4fad4,342c4258969c528c3469db9acaf6b0ad,delivered,28/06/2017 23:31,28/06/2017 23:43,29/06/2017 11:47,17/07/2017 18:35,20/07/2017 00:00
0068c109948b9a1dfb8530d1978acef3,34417388de13fbcd12cfcbd9d1b8dfbd,delivered,22/01/2018 19:46,24/01/2018 02:53,26/01/2018 16:49,08/02/2018 18:39,20/02/2018 00:00
00d85bfe0e28c91b69d0fe1f29255a31,3441b9aa98014569ee95cbff82a03abb,delivered,09/05/2018 10:52,11/05/2018 03:37,11/05/2018 14:00,16/05/2018 12:08,30/05/2018 00:00
01237c761ffb72594a466ed514518af0,344bcdb5be77a9718607ba86ca48f765,delivered,05/07/2018 22:40,05/07/2018 23:20,06/07/2018 11:14,10/07/2018 23:08,25/07/2018 00:00
0005f50442cb953dcd1d21e1fb923495,351d3cb2cee3c7fd0af6616c82df21d3,delivered,02/07/2018 13:59,02/07/2018 14:10,03/07/2018 14:25,04/07/2018 17:28,23/07/2018 00:00
00b1cb0320190ca0daa2c88b35206009,3532ba38a3fd242259a514ac2b6ae6b6,canceled,28/08/2018 15:26,,,,12/09/2018 00:00
023a60303ff8d9e08b99e7474f7416ce,3570b59a7408f4a3aaa95d2c0485f243,delivered,12/06/2017 21:16,14/06/2017 02:15,19/06/2017 11:52,28/06/2017 14:27,07/07/2017 00:00
02593f8472d9ab3c2620b1b46166c231,35a7bbd619604e6a5796498ff353983d,delivered,12/07/2017 11:50,12/07/2017 12:55,12/07/2017 19:07,25/07/2017 13:07,01/08/2017 00:00
01643942766bdec224d5593041f714e6,35b6010ad8b185e27365ae8366cbb76d,delivered,05/08/2017 00:17,05/08/2017 00:30,08/08/2017 21:57,22/08/2017 19:04,31/08/2017 00:00
01dd912bf415bd6f499af600aebdb866,35d1d4cb6cb9997376abb3d7e1a97b19,delivered,09/02/2018 23:35,09/02/2018 23:48,14/02/2018 21:16,16/02/2018 11:38,23/02/2018 00:00
013037c3f1773cc8fdbaf8ff54d8013b,35df3e8a58fe7d040ed21c7d521f8711,delivered,28/03/2017 15:15,28/03/2017 15:25,28/03/2017 15:39,03/04/2017 16:43,19/04/2017 00:00
005b49de51a4e006055e8487a50ad8e4,366c88e3ee5ed365c8529a9639c8b91c,delivered,09/04/2017 13:35,09/04/2017 13:50,10/04/2017 11:18,27/04/2017 16:47,04/05/2017 00:00
025321e4e9674e090b7bc101f9c5ab5a,3674db4a48cbcbd032d3d2274f9018af,delivered,20/06/2017 21:56,20/06/2017 22:10,22/06/2017 18:14,02/07/2017 12:41,12/07/2017 00:00
00c42b1633c1b2fa4e937bf312466561,36d63113a38882f3f464f8eaa96c4b1c,delivered,13/01/2018 13:52,13/01/2018 14:09,15/01/2018 19:32,08/02/2018 21:12,15/02/2018 00:00
0055b77cca3186676c147f532dd2547b,3747cfcc18da3cff44fd440770d92d97,delivered,19/02/2018 21:47,19/02/2018 22:47,20/02/2018 19:35,07/03/2018 19:38,14/03/2018 00:00
000c3e6612759851cc3cbb4b83257986,3773bcf1a6fbd29233ea1c1b573c4f22,delivered,12/08/2017 10:08,15/08/2017 03:35,15/08/2017 15:32,19/08/2017 15:22,01/09/2017 00:00
01c7b08f0c05952ce15edb928bb63d2d,378b80aaccaaf259cfd1389b968e4bb2,delivered,02/04/2018 16:59,02/04/2018 17:10,05/04/2018 13:03,18/04/2018 18:56,02/05/2018 00:00
00f2a3509bd600bd1a06a48353788d93,37dafcdee86df7843f93d4b4d5325dde,delivered,25/02/2018 12:08,25/02/2018 12:29,28/02/2018 15:34,01/03/2018 16:58,26/03/2018 00:00
00ea33f994bec0bbfda582074083ae12,392569e210fa974c457c69cfdb400d1e,delivered,23/06/2018 04:04,23/06/2018 04:18,26/06/2018 14:50,30/06/2018 16:51,16/07/2018 00:00
00fcf938cde49ae138942b632ed62393,396573e1df49285167b26331d72e7f96,delivered,11/01/2018 01:04,12/01/2018 02:38,15/01/2018 17:35,30/01/2018 10:58,09/02/2018 00:00
0197cb265e2c84b9f89dfd784095d2f6,3971ac136496b4368c1431bb5bce0929,delivered,21/12/2017 20:55,23/12/2017 02:12,26/12/2017 19:08,28/12/2017 16:37,30/01/2018 00:00
012ea594e035047289b3e7c3f8b90cef,39851c46815f49fafb7bc26ed6bf513d,delivered,03/05/2018 21:10,05/05/2018 03:10,08/05/2018 15:50,09/05/2018 13:16,15/05/2018 00:00
0070092bb6004faafa287e5fc35971e9,399d1e628c48b7c3b6389098be566cfd,delivered,25/07/2017 11:42,25/07/2017 11:55,26/07/2017 10:47,27/07/2017 21:34,14/08/2017 00:00
01f216b447564f9ea791b521db577ccb,39d5f491d314a5e26d16cf74581bff02,delivered,24/01/2017 18:44,24/01/2017 18:55,25/01/2017 09:21,31/01/2017 07:35,01/03/2017 00:00
0035e6b7ade84b3f5b86bd49814793df,3a0cc7c9af6abf8868dad5a1de4a16e1,delivered,21/02/2018 02:46,21/02/2018 07:10,22/02/2018 00:51,26/02/2018 16:49,13/03/2018 00:00
011e6e76dd0cd56d26b5b0cb036e80a8,3a6fc4af206cad7a5eaca926cdffd0d7,delivered,08/04/2018 17:34,08/04/2018 17:50,09/04/2018 19:02,11/04/2018 20:53,19/04/2018 00:00
01c156f67900e1f33d1234ce92cb18d9,3a8737f68201688c1513bf3fbdbcf631,delivered,03/08/2018 17:40,03/08/2018 17:50,13/08/2018 09:24,17/08/2018 13:21,12/09/2018 00:00
0010dedd556712d7bb69a19cb7bbd37a,3a92efdb6e6163dc1734d44f2f5f6d04,unavailable,21/10/2017 19:32,24/10/2017 03:25,,,03/11/2017 00:00
01f99c97a2034ffb373556e8fdb5c7cf,3a9795ba3f6c5d04cbca83a5d29cfaf6,delivered,08/05/2018 10:50,08/05/2018 11:09,09/05/2018 14:51,16/05/2018 22:37,24/05/2018 00:00
007ec946d4f798caf2b43c9d44c56421,3ace63287bc8b41172016c06a5093808,delivered,24/11/2017 13:05,25/11/2017 04:15,28/11/2017 19:27,06/12/2017 22:38,26/12/2017 00:00
01f11912a2c502cc940f607b1f6b2ab0,3b01c1a86716aef93f40e4136bc1866e,delivered,05/02/2018 18:40,05/02/2018 18:50,07/02/2018 15:18,23/02/2018 00:06,09/03/2018 00:00
0122e81ff800460e44bb9c983ff2a2fd,3b16d7fa7eb80db40124dc1748faae1c,delivered,16/03/2018 11:58,17/03/2018 02:50,19/03/2018 22:32,28/03/2018 16:48,05/04/2018 00:00
004345d16a1ab2c21962992c721c8643,3b723b649feb48f3cfbb9c728efb3d7d,delivered,04/07/2018 06:45,05/07/2018 16:09,05/07/2018 14:08,11/07/2018 17:26,30/07/2018 00:00
001daeb0eddc45b999bad0801ad9d273,3ba02060e681d361d603d5f7ef0a730b,delivered,17/05/2017 23:19,19/05/2017 02:15,19/05/2017 10:03,08/06/2017 15:34,19/06/2017 00:00
008dd5e80ebf8f849aa0c5bf4e22ce7a,3c138c472fb6f243ea59fa2589b20440,delivered,20/03/2018 20:31,22/03/2018 02:56,22/03/2018 23:48,23/03/2018 18:04,02/04/2018 00:00
005cad6157eadc7f1f09917607f1704a,3c3472f5efc17888458e428b0b9eeef3,delivered,15/04/2017 16:35,16/04/2017 16:45,17/04/2017 09:05,03/05/2017 14:56,10/05/2017 00:00
00975e709cd12c34d3bd44e4a7f7a876,3c52d94017a3d96915999f30cf42a9ce,delivered,21/08/2017 12:54,21/08/2017 13:05,21/08/2017 19:07,23/08/2017 23:04,06/09/2017 00:00
020a1591ace758e4c97d7843e1a03a88,3c59cb3e5e8348b4f5303307f6c6048a,delivered,13/08/2018 06:52,13/08/2018 07:04,14/08/2018 12:30,15/08/2018 16:38,22/08/2018 00:00
00f7c5b41250e0126ced62d612ff4711,3c5aa62fbe268c0beee7bf98386b421a,delivered,11/01/2018 10:30,12/01/2018 02:35,16/01/2018 00:24,23/01/2018 20:34,14/02/2018 00:00
00571ded73b3c061925584feab0db425,3c628393675b42c6b5ef89461f68ecef,delivered,18/05/2017 20:59,18/05/2017 21:10,22/05/2017 15:50,30/05/2017 09:12,12/06/2017 00:00
01c1644529b18608f086d2ff0f3b8181,3c90bb0fba16e889f898e2da1df5fb32,delivered,23/06/2018 09:55,26/06/2018 05:12,26/06/2018 14:25,05/07/2018 20:24,01/08/2018 00:00
01cc71a8154340ae61126b5ee9b48fef,3cc3c3ea6a8bb392816f4c4bdf12c5a5,delivered,06/06/2018 21:06,06/06/2018 21:16,08/06/2018 12:09,11/06/2018 19:12,03/07/2018 00:00
02346f2f5b8930a992461a607bf6bf62,3cd29923676e2dde9a89f7232a64de8c,delivered,20/03/2018 16:06,21/03/2018 02:50,23/03/2018 01:58,26/03/2018 21:18,09/04/2018 00:00
00010242fe8c5a6d1ba2dd792cb16214,3ce436f183e68e07877b285a838db11a,delivered,13/09/2017 08:59,13/09/2017 09:45,19/09/2017 18:34,20/09/2017 23:43,29/09/2017 00:00
00bcee890eba57a9767c7b5ca12d3a1b,3cecfffcfcdbac8b85cf74dfc8a60166,delivered,22/07/2017 20:51,22/07/2017 21:05,25/07/2017 19:12,27/07/2017 18:34,21/08/2017 00:00
00a500bc03bc4ec968e574c2553bed4b,3d2f26eab3f79dd1fe9977f615e70c2f,unavailable,23/11/2017 10:53,25/11/2017 10:54,,,08/01/2018 00:00
00f251b943aba645652c7138e4716fee,3d54e262ab34438486bd0eb8bf022c2f,delivered,13/08/2018 11:18,13/08/2018 11:44,13/08/2018 14:37,20/08/2018 18:36,03/09/2018 00:00
00a9536682ecb394a3794c1608200803,3d64d81cb7d22325994c3ef4ad93d2e0,delivered,12/05/2017 23:38,12/05/2017 23:50,15/05/2017 15:30,22/05/2017 16:47,31/05/2017 00:00
01029b44abe6e15c8df48b1b759ab437,3e0d489d05ca15801e274f39adb8d213,delivered,27/06/2018 22:24,28/06/2018 00:35,03/07/2018 16:27,05/07/2018 19:03,16/07/2018 00:00
0224d4ce99f4262f9554d248dfad743c,3e3a04eb993fe7c6bab32b40fcc51f7f,delivered,17/03/2018 19:25,17/03/2018 19:48,20/03/2018 22:08,21/03/2018 22:48,02/04/2018 00:00
00ed64bc080d87b4ab7f0c433bc5e98f,3e49d94c6d8ad4a1f5589db832772317,delivered,30/05/2017 18:18,31/05/2017 18:22,01/06/2017 13:57,07/06/2017 13:50,22/06/2017 00:00
01e1617e546dc1fd372e089ab515ae34,3e7394d8b265e9ff64b31f047cc71fd9,delivered,17/09/2017 19:15,17/09/2017 19:25,19/09/2017 19:25,27/09/2017 18:56,06/10/2017 00:00
01aa38b66d95377a4f276f78742aca15,3e92daf13094e2b667e2f2c38a4ce969,delivered,01/03/2018 13:16,01/03/2018 13:30,02/03/2018 16:57,03/03/2018 15:48,13/03/2018 00:00
00c842d0ae6462afc1d38fc055b02c75,3eb456ae69430643eb134b74ccc4f261,delivered,08/11/2017 17:36,08/11/2017 18:30,16/11/2017 18:42,21/11/2017 17:37,29/11/2017 00:00
01bc343311e5b8090b64d6ab287a5cf0,3eef17cb7b0ffaf55b88ddfa3d793bfe,delivered,22/02/2018 14:30,22/02/2018 14:50,23/02/2018 18:27,04/04/2018 22:16,22/03/2018 00:00
00b6e66f005a657a6b13eedcacdf9342,3f0ce4e8579d852bd56ab8bbe66f1870,delivered,11/08/2018 10:47,11/08/2018 11:04,15/08/2018 13:54,21/08/2018 14:46,31/08/2018 00:00
0191b6a5a70bcbc6cdd39427f216602e,3f62271cc144183c56e7db438c8cba08,delivered,22/08/2018 09:40,22/08/2018 09:55,22/08/2018 16:04,27/08/2018 18:17,13/09/2018 00:00
0220b52f0b019739726d80c64bd4bf08,3f887ff09d642f0cfc712a5f6751c5c7,delivered,20/12/2017 08:36,20/12/2017 08:50,21/12/2017 02:12,28/12/2017 20:52,23/01/2018 00:00
0143924743f240e1fdcd6a8918fbe147,3f979506b05475cf5da22aa8e6c36a6c,delivered,18/07/2017 17:52,18/07/2017 18:05,19/07/2017 19:22,21/07/2017 22:33,31/07/2017 00:00
00345f338696283410b7977d2e3efc89,3f9d223f86d2f243dd5a85fdc286c62a,delivered,20/08/2018 11:06,20/08/2018 15:12,21/08/2018 13:18,30/08/2018 21:13,11/09/2018 00:00
00772b2af35643653f108fdac1155ee3,3fa57a1801314f5064ffebcc14d2063b,delivered,24/04/2017 10:53,24/04/2017 11:05,24/04/2017 11:15,06/05/2017 11:48,12/05/2017 00:00
00d1e381c0995f0bdb95909fe7434d0b,3fb1b736500b371cd8576c7050fe7256,delivered,24/03/2018 16:14,25/03/2018 16:10,28/03/2018 23:18,02/04/2018 15:28,13/04/2018 00:00
01f04ef1bf8714247c5286afd8579353,4098ded78e423489732762e2b21180b7,delivered,30/10/2017 12:58,30/10/2017 13:10,31/10/2017 14:42,08/11/2017 21:52,17/11/2017 00:00
0014ae671de39511f7575066200733b7,41065d9dcea52218c3943d2eed072b97,delivered,22/05/2017 13:49,23/05/2017 03:15,29/05/2017 09:04,07/06/2017 13:52,13/06/2017 00:00
0081ab2c99dc85945c28926b77dc6960,410b01953ef40c9962bb6dc6578c7ff1,delivered,14/02/2018 22:19,16/02/2018 14:29,17/02/2018 00:39,19/02/2018 18:49,01/03/2018 00:00
00c47fefb9a49baec12ab3654d7f548e,411373e81bbd24b0356ca1274e9c03fe,delivered,06/12/2017 00:08,06/12/2017 00:18,06/12/2017 22:28,16/01/2018 21:05,31/01/2018 00:00
01fba151a6fa8315ff6dc6f29fe2f2d4,414aa2fa7df5bb8836e17bfe8e2a0658,delivered,10/07/2017 14:06,10/07/2017 14:23,11/07/2017 12:12,13/07/2017 14:15,26/07/2017 00:00
004157daafa0bc8672e01f00e4f0c04f,42090a79268b92ced0c591a8e63d57c2,delivered,21/05/2017 13:13,21/05/2017 13:25,25/05/2017 12:05,02/06/2017 14:57,26/06/2017 00:00
0191ee5deb2474bc1f4189fa709289b2,427193866d6c04a3fb307afdc2731b6e,delivered,16/06/2018 12:55,18/06/2018 12:37,18/06/2018 16:57,26/06/2018 21:21,19/07/2018 00:00
01311f2795d8463a11f9422173687696,4292ad887342214c93ed734b90355ce8,delivered,25/10/2017 16:10,26/10/2017 03:08,27/10/2017 11:45,07/11/2017 18:53,17/11/2017 00:00
02971473bcfb16642904d57bc3be50b8,42dfe5520e445df2b7fa0b6e0cbab834,delivered,30/06/2017 12:41,01/07/2017 12:45,03/07/2017 15:21,04/07/2017 13:27,13/07/2017 00:00
01a4ec962d7589584c11650ca20d728b,430ae219c180fc664c3981c91fd7f70e,delivered,19/05/2017 17:40,19/05/2017 17:50,22/05/2017 13:39,25/05/2017 11:18,12/06/2017 00:00
00d50baf1bc56a3c59de1810a6b84b0d,430dae64e910e717c1135ff28b67aad2,delivered,23/05/2017 21:55,23/05/2017 22:10,01/06/2017 11:55,28/06/2017 11:19,23/06/2017 00:00
0218c7a4fb8d5b1bd22c82b783b8359c,430ec51e3c42def76f0d79a8edb21784,delivered,13/10/2017 12:58,13/10/2017 13:09,13/10/2017 19:33,23/10/2017 12:12,31/10/2017 00:00
003324c70b19a16798817b2b3640e721,43696894b5bf8fbe1a40b2148ea505a0,delivered,18/05/2017 19:04,18/05/2017 19:22,19/05/2017 16:04,30/05/2017 08:12,07/06/2017 00:00
028f5779c98e7df5dc803824bdaae40b,438587a96c7fdbaaa67dd07b72a170df,delivered,30/10/2017 10:44,01/11/2017 03:31,01/11/2017 19:22,03/11/2017 21:27,14/11/2017 00:00
02748e01a6356d0e5072ac06f4dd0bc4,438df7b1a12e7eb43f99b35531167e0a,delivered,04/06/2018 21:38,04/06/2018 21:53,06/06/2018 13:35,14/06/2018 01:41,28/06/2018 00:00
0036887767dea4bd43b1a88cd0d9477a,43bb6f9650ab2a7e6ef1c93168c4cfcf,delivered,13/10/2017 00:04,14/10/2017 00:07,17/10/2017 12:56,23/10/2017 19:09,01/11/2017 00:00
00faa6afcde74aaa630e1d2fda2bb0f7,44344e9f944a5692177be10177f62fba,delivered,01/08/2018 13:24,03/08/2018 02:45,03/08/2018 11:14,10/08/2018 14:52,24/08/2018 00:00
019d444bd00f1ccb4643de466f9a1525,44f5f5476eb92ebc9c4ab70c8b1bf189,delivered,26/03/2018 21:51,26/03/2018 22:07,29/03/2018 20:56,11/05/2018 17:36,18/04/2018 00:00
00bd2cb7e9076e1ccc9f766fc01a4cfd,45016dcb53fa07cb0c050dc78b2d6f51,delivered,18/04/2018 10:00,18/04/2018 10:15,23/04/2018 23:41,30/04/2018 21:16,23/05/2018 00:00
00cee8a4dbb042385cbbd84699e78b2e,450a869eb52446baa38f4beeecbc5843,delivered,20/07/2018 04:13,20/07/2018 04:25,24/07/2018 14:46,25/07/2018 17:21,01/08/2018 00:00
01b1800f51715ab76f67caf732206437,456c1e01c8ed3b83aa8fc564119bc81a,delivered,18/07/2018 19:05,18/07/2018 19:23,19/07/2018 09:06,27/07/2018 19:26,08/08/2018 00:00
00d03eb3425f41a599ae2f788e23c07f,457e255722e958032b50ff72dd15a4e0,delivered,17/02/2017 17:46,17/02/2017 18:03,24/02/2017 14:16,09/04/2017 00:23,29/03/2017 00:00
00bdcdda88e6b02977fc6ce3d412c600,45ba03e2c6bbb5dc48131ba32ec3ae5e,delivered,12/06/2018 09:51,12/06/2018 10:21,12/06/2018 14:10,18/06/2018 18:20,24/07/2018 00:00
029b2daf51dda061aeb1cf32c9306db7,46490458d353247266448e9bdc7bd115,delivered,06/08/2018 16:20,06/08/2018 16:35,07/08/2018 14:22,15/08/2018 19:24,04/09/2018 00:00
01b703d8365608f2b01ed9c076d0b3dc,475eec32deae43c1479b18acc1f7781d,delivered,05/01/2018 17:14,06/01/2018 17:08,08/01/2018 22:06,19/01/2018 00:48,01/02/2018 00:00
019440e41e276668d99d996d5d1a22c1,477d0086341df0308127cef59628e7be,delivered,12/06/2018 23:05,14/06/2018 02:38,14/06/2018 15:23,19/06/2018 22:21,11/07/2018 00:00
0121cfa7c946e6589f50d7012d3eb5eb,4797fb67b3991c9513486658f6d694fd,delivered,30/08/2017 11:47,30/08/2017 12:50,31/08/2017 21:36,06/09/2017 20:06,26/09/2017 00:00
026a8d09914c519feb34944477b6bd41,47a9d5ffbfeea9fd0290d4c461d7a169,delivered,27/08/2017 12:57,27/08/2017 13:05,28/08/2017 18:56,09/09/2017 14:03,04/10/2017 00:00
01c26a0b2736899633cfd6a3c1749428,47bbec3546f4004399e1e60aac67315a,delivered,08/04/2017 18:39,08/04/2017 18:45,11/04/2017 15:23,19/05/2017 17:53,02/05/2017 00:00
00130c0eee84a3d909e75bc08c5c3ca1,47d656c08a282ec5ab4c1f18303a3a30,delivered,11/06/2018 21:17,12/06/2018 05:16,12/06/2018 14:22,13/06/2018 15:28,20/06/2018 00:00
01ea9d9ce4b86204f82b79184897371c,47f5f43c79b29aaeec92a9c5e817ff6a,delivered,23/03/2017 17:38,23/03/2017 17:50,24/03/2017 11:09,03/04/2017 13:38,13/04/2017 00:00
00ac2a1ec784f71feeb7ba1e5959750d,47f6898621126fa91eda967684efadbb,delivered,06/04/2018 11:26,06/04/2018 11:49,10/04/2018 00:26,17/04/2018 17:17,07/05/2018 00:00
0229bc966620f05d9d8fc29c704aa6ff,48a01175afae9a275b3b57ccd21da366,delivered,21/07/2018 19:10,23/07/2018 16:00,24/07/2018 14:28,28/07/2018 00:26,06/08/2018 00:00
019c4b64cf3d733807ef5bc8bcf6d123,48d85e07af2e0cf0dac271b518829138,delivered,16/10/2017 14:05,16/10/2017 14:27,17/10/2017 18:55,23/10/2017 20:50,03/11/2017 00:00
01dd7b32b57e2e5633984f61e456b046,48dc227fd17db8b6dacffb7d2be80886,delivered,05/04/2018 12:21,05/04/2018 12:35,05/04/2018 21:54,09/04/2018 19:51,17/04/2018 00:00
001c85b5f68d2be0cb0797afc9e8ce9a,48ed31e735f1c420ed6ca3637b7c744d,delivered,24/11/2017 19:19,24/11/2017 22:38,27/11/2017 12:42,22/12/2017 18:37,14/12/2017 00:00
00e365f4fc03d1098841af23d05c17a6,491609eeefc72ee67ee5b42e63ba9859,delivered,20/08/2018 09:40,20/08/2018 14:51,23/08/2018 17:10,29/08/2018 18:56,10/09/2018 00:00
00c2335723b9b74668062e946dc66621,4930dfe106be258618f6907e8ce8795d,delivered,31/12/2017 01:31,03/01/2018 04:28,03/01/2018 18:05,09/01/2018 20:19,29/01/2018 00:00
00750f68bb64537034e93554c64b41b5,49b0b78f8fd6fc95605c46e685c4b611,delivered,12/11/2017 09:50,12/11/2017 10:10,13/11/2017 19:42,14/11/2017 22:34,27/11/2017 00:00
0171835bbc71bcfacc26e9f59d56b62c,4ab60901050d2b4b877596c2edc24a6e,delivered,24/06/2017 10:52,24/06/2017 11:08,26/06/2017 14:56,03/07/2017 16:42,18/07/2017 00:00
00337fe25a3780b3424d9ad7c5a4b35e,4b1b5c848616a4b5fa9d76cb1d12067b,delivered,25/09/2017 17:39,25/09/2017 17:50,26/09/2017 22:31,27/09/2017 16:52,10/10/2017 00:00
0229b2e398fde4545d32b5bb232973ad,4b2ef9e978a3fb2cf7ea6ca5f7792dd9,delivered,21/03/2018 15:11,21/03/2018 15:27,18/04/2018 18:21,05/05/2018 01:49,26/04/2018 00:00
0028de0ca693a1bb26448916a81105cc,4b4773853bbbc435ddddd51bd6c6a002,delivered,15/08/2018 14:59,17/08/2018 03:35,17/08/2018 09:45,28/08/2018 18:58,11/09/2018 00:00
010ef5b0279d7512e7343cb775e423c0,4b9e8cd034b45245928f0d55a4ed4310,delivered,17/04/2018 11:28,17/04/2018 12:15,18/04/2018 15:32,23/04/2018 22:41,07/05/2018 00:00
0035246a40f520710769010f752e7507,4bcf2ad7ccc061c13ff360aae5b7abcd,delivered,17/08/2017 00:57,17/08/2017 01:25,22/08/2017 15:33,28/08/2017 19:14,06/09/2017 00:00
013aa6ba5077072401773f83f1ee6408,4c91265edcfe58dd5ce2dcdb2fba7813,delivered,25/07/2018 11:31,25/07/2018 11:45,02/08/2018 13:27,15/08/2018 17:55,20/08/2018 00:00
024d56279184e5cb942d9abf28fc14e6,4cb9602acb31a0dbf81de01a43d2d4db,delivered,21/05/2017 17:56,21/05/2017 18:05,22/05/2017 15:53,23/05/2017 11:14,02/06/2017 00:00
00a12754417a49a9dec20361849aa917,4cb9c04be8cfbc5c1e0519344c72a5ed,delivered,08/05/2018 21:58,08/05/2018 22:15,09/05/2018 12:34,10/05/2018 18:26,16/05/2018 00:00
0245631f7bd55dbee7c6b441629bba94,4d82e79f5404e8c3f059ab099fbe5dda,delivered,05/10/2017 18:26,05/10/2017 18:45,06/10/2017 19:48,13/10/2017 21:37,01/11/2017 00:00
0297f94a646c942bde497bd200cce1ed,4da495ce705cd190ddf3a36268b61142,delivered,26/12/2017 18:10,26/12/2017 18:27,29/12/2017 20:52,10/01/2018 16:38,19/01/2018 00:00
02855eb3e469890c3b741adb0fd64f71,4df9c5a352d450a4788786688945e0a1,delivered,12/05/2017 23:14,16/05/2017 03:22,17/05/2017 10:36,23/05/2017 19:44,01/06/2017 00:00
01d9a9aa7feccdaf99f7ea832bfa7301,4e2a379354e75a4545a46fe69949844f,delivered,21/08/2018 21:53,21/08/2018 22:05,22/08/2018 12:17,23/08/2018 20:04,24/08/2018 00:00
025c72e88fbf2358be05c594d4ad5091,4e766deafc3ec54aa57cb6d4d705e506,delivered,15/03/2017 21:24,15/03/2017 21:24,16/03/2017 13:54,28/03/2017 16:08,13/04/2017 00:00
015ed18d7ea7ca5c14f3c1decc55daf1,4eca2e495967922f24cbc0600040e006,delivered,24/05/2018 12:31,24/05/2018 12:59,25/05/2018 10:33,28/05/2018 12:17,11/06/2018 00:00
028aa7c930356788f861ed1b7f984819,4f093ba642d31211516e40197a8e3aa6,delivered,13/01/2018 20:35,13/01/2018 20:49,15/01/2018 16:56,29/01/2018 21:51,14/02/2018 00:00
01a26a995dcef1d58bdee5b8862c7a02,4f36ee71cd2eb2ba9c1eb02b36baa34b,delivered,15/09/2017 20:36,16/09/2017 12:05,19/09/2017 19:02,27/09/2017 10:44,03/10/2017 00:00
01405161cfdf60dd80df1f393a2796d5,50a5ce7e867f2fabc3eb4703dfb432df,delivered,09/08/2018 21:16,09/08/2018 21:30,13/08/2018 10:05,20/08/2018 12:19,24/08/2018 00:00
01d96f415da1ffc3807bc85852dea189,50e2e211862daf99d434538a985b5423,delivered,10/04/2018 20:59,12/04/2018 08:32,12/04/2018 17:51,18/04/2018 00:21,03/05/2018 00:00
01c4f4e08d9e8b7c5bd47e612285993f,51e4740dd528fe393562380ba49e41ec,delivered,24/11/2017 00:31,25/11/2017 04:30,28/11/2017 16:39,04/12/2017 22:36,14/12/2017 00:00
024b3b6b53b99a1eb8b9b34515106765,52ec7c76aecc393c0db44c9bbcc4aa68,delivered,23/01/2018 21:33,23/01/2018 21:59,26/01/2018 21:09,02/02/2018 22:59,16/02/2018 00:00
02440f65dc09737b491463739c347446,53997caa650ff808a586d343b0789fd1,delivered,26/02/2018 09:57,26/02/2018 10:16,02/03/2018 20:44,03/04/2018 20:38,19/03/2018 00:00
01b94d6940365deb1eedb643ba43114a,53d7168d4cbc0acd88e9d17e2e18b47a,delivered,08/11/2017 16:06,09/11/2017 04:31,09/11/2017 20:54,17/11/2017 23:16,29/11/2017 00:00
026a69b8c98fbfc61de9050c41f1dd95,5441451c5c5d190466e7afbf2adc1c19,delivered,08/03/2018 09:24,09/03/2018 09:28,10/03/2018 05:16,11/03/2018 18:58,20/03/2018 00:00
010d6db2f77220b394f147836c94f27b,544cfbf822c23de5e82f86d638b82b58,delivered,11/07/2018 16:56,11/07/2018 17:10,12/07/2018 15:08,21/07/2018 15:26,26/07/2018 00:00
00276d5c3491fbf55305e26891040df9,54686c41e86854e35879efbd1c2cab1b,delivered,13/02/2018 11:47,13/02/2018 12:55,20/02/2018 23:19,16/03/2018 19:57,22/03/2018 00:00
024a19cc498cc1a9efcf675d1ca465c3,54ae421973032c25067cdf03e04be610,delivered,03/04/2018 16:35,03/04/2018 17:28,06/04/2018 20:42,30/04/2018 17:12,26/04/2018 00:00
00858d03144cc35cfd1dd043647e7c88,54f0f481cc9257023435b76aa5e647db,delivered,14/03/2018 22:53,14/03/2018 23:09,15/03/2018 20:34,22/03/2018 23:45,25/04/2018 00:00
01c391e962558d0793e8dd8f6bad0999,54f4686e731120a05f1b88deebcfd894,delivered,26/02/2018 11:19,26/02/2018 11:35,27/02/2018 23:23,14/03/2018 14:02,20/03/2018 00:00
00c8be06a8029e300dabd52c7d4c6ad2,5508ab552ed2d4da9d21e777849034d0,delivered,11/02/2018 00:36,11/02/2018 01:48,14/02/2018 18:23,27/02/2018 21:08,09/03/2018 00:00
014e7d12255fc66b5ea5e6c93eb4be7b,55ae57a8afd95ff914731cd2ff9bccab,delivered,26/01/2018 10:54,26/01/2018 11:31,26/01/2018 19:41,16/02/2018 18:48,21/02/2018 00:00
0136bcc7370d7fdf44bd916a6dd583c6,55be5653a69f4551dae9951e54acf572,delivered,20/05/2018 19:31,20/05/2018 19:50,21/05/2018 15:58,06/06/2018 18:53,05/06/2018 00:00
02190241f7190a1f3c7e0df95a749c6a,55c9044401ffab0c717f24405e2e042f,delivered,07/10/2016 10:52,08/10/2016 04:44,21/10/2016 12:47,27/10/2016 09:37,29/11/2016 00:00
0181409c6498f79e161dde79c2a7dc59,55e0503dded8ecd07b56fd84bf06a342,delivered,01/08/2018 15:05,01/08/2018 15:40,03/08/2018 13:24,09/08/2018 20:03,14/08/2018 00:00
0101aea69a09e1aa32caa6dbaba98503,55e153b503a15cf10845bacbb3b4d616,delivered,26/05/2018 13:07,27/05/2018 13:10,28/05/2018 14:08,16/06/2018 19:34,19/07/2018 00:00
0115abf6b892040abfdd5bdfcb6b2c51,55e24d33ade77f949c22b6e008801c15,delivered,20/04/2017 12:32,21/04/2017 05:10,26/04/2017 19:15,15/05/2017 11:51,10/05/2017 00:00
01bbf0fb0773cef52b4d6501e83162f3,56e023e21be211feb920b2e0eeb75c1d,delivered,22/03/2017 22:04,22/03/2017 22:04,28/03/2017 08:13,10/04/2017 11:37,19/04/2017 00:00
01c4766d43d50d892132f7bb04d97300,570f691879071b176cf72fd133287711,delivered,22/03/2018 23:11,22/03/2018 23:27,26/03/2018 20:31,04/04/2018 20:52,19/04/2018 00:00
01786fff06f2f7e8a83950c4b3b424ea,574e00dba47edb0c55e3b7e795eb8104,delivered,16/12/2017 12:04,16/12/2017 12:14,18/12/2017 15:49,29/12/2017 22:44,05/01/2018 00:00
004ca5ae248069d68e8594df8abf6ce0,576908744ae56c9cf061c40a434e2a24,delivered,06/06/2018 18:30,06/06/2018 18:52,07/06/2018 14:17,15/06/2018 22:12,26/07/2018 00:00
01bae920aea13b891b50bc1543634a65,57a5790d63d19ab68c8eb882a24cff8e,delivered,21/12/2017 20:04,21/12/2017 20:14,22/12/2017 18:03,26/12/2017 20:09,11/01/2018 00:00
01a75ac3dd000b7628a684be97c29234,57ee2ef64f17a5f9a4bf30489b06326c,delivered,23/01/2018 10:32,23/01/2018 10:59,26/01/2018 19:12,07/02/2018 14:59,21/02/2018 00:00
0010b2e5201cc5f1ae7e9c6cc8f5bd00,57ef317d4818cb42680fc9dfd13867ce,delivered,11/09/2017 17:39,11/09/2017 18:04,12/09/2017 17:02,23/09/2017 13:21,27/09/2017 00:00
024a74550cdbd36c0fe3955fc9e2bcf0,5837b288ad076175ff451a905d6153f9,delivered,09/08/2018 08:10,09/08/2018 08:50,14/08/2018 14:42,15/08/2018 18:28,14/08/2018 00:00
00526a9d4ebde463baee25f386963ddc,5848ef3f994e18c5121d291e0daedc81,delivered,07/08/2018 22:03,07/08/2018 22:15,08/08/2018 14:11,16/08/2018 19:58,15/08/2018 00:00
00042b26cf59d7ce69dfabb4e55b4fd9,58dbd0b2d70206bf40e62cd34e84d795,delivered,04/02/2017 13:57,04/02/2017 14:10,16/02/2017 09:46,01/03/2017 16:42,17/03/2017 00:00
01b02139ac5f79a5de2c56284af7bb3e,58ee8c095bfa7fab72d5ab65d411c975,delivered,24/04/2018 18:27,26/04/2018 04:15,27/04/2018 17:48,02/05/2018 13:44,10/05/2018 00:00
016ff85737c2072ab00a705cd8f87799,590db569569a4a1b3074694f522309fc,delivered,02/01/2018 11:12,02/01/2018 11:19,04/01/2018 14:55,10/01/2018 18:53,30/01/2018 00:00
00998f38df3012359ef195ca75ebb329,592fe733eef8c8ab12d27a84a98c94a6,delivered,11/05/2018 11:52,11/05/2018 12:17,14/05/2018 12:42,18/05/2018 14:52,08/06/2018 00:00
01c998b70e420ec36563386a4b71c6bc,598f0ad85bfe5c15f18b219ad41a2167,delivered,23/01/2018 13:47,23/01/2018 13:57,29/01/2018 19:04,14/02/2018 22:51,20/02/2018 00:00
027a84a16c22c706669f35d578853f3e,5993edc559f101a53914bdcdd9d230bf,delivered,31/03/2018 14:56,31/03/2018 15:10,04/04/2018 17:53,02/05/2018 17:06,23/04/2018 00:00
01d815029787ce30f6f64900ee93ba37,59eeac10ee17b2c144822b5ea1fd1fd1,delivered,26/01/2018 09:09,26/01/2018 09:17,29/01/2018 22:22,05/02/2018 19:21,19/02/2018 00:00
0132158c30672a8c52997a2492613ec2,5a3f73cc3e52ab64478beb5ce8756f4b,delivered,13/03/2017 23:23,13/03/2017 23:23,14/03/2017 09:35,15/03/2017 09:27,30/03/2017 00:00
01d0aabab5da85da61bbd4d40882b82c,5aa74c879595083359ded75778c85a3b,delivered,27/08/2017 19:21,27/08/2017 19:31,28/08/2017 17:52,13/09/2017 18:33,15/09/2017 00:00
01f65c9e501f46d2a15af4d2b28e6081,5ab56cf5cc9c12dca123f986599f88e8,delivered,09/07/2018 18:58,09/07/2018 19:10,11/07/2018 08:25,14/07/2018 17:07,27/07/2018 00:00
028e37ed7cdd54ad41506f61df708cf9,5bbc72ac56e6c2d61f23a8a91a6ceac6,delivered,10/04/2018 16:44,10/04/2018 16:55,11/04/2018 18:08,12/04/2018 18:37,25/04/2018 00:00
00f1cc7439ccb8671133776d1829faf5,5bbefc8139328a291147ac389f226052,delivered,22/11/2017 22:07,24/11/2017 03:12,29/11/2017 18:33,01/12/2017 20:16,04/12/2017 00:00
02521a906b13fc8ff9314bf88adc31ed,5bdb6841f00ab95bfbe2e2bb7eb66ddd,delivered,16/07/2018 10:46,16/07/2018 10:55,17/07/2018 14:39,20/07/2018 17:27,25/07/2018 00:00
01699d74ff89d35f15093f83d7783c39,5c52e49d63df1645b3e2340ea8c29a9a,delivered,18/04/2018 16:37,18/04/2018 16:55,23/04/2018 18:00,05/05/2018 15:02,11/05/2018 00:00
006df90050498994d670b40da4651d22,5c94f28f54aa13e14aaf67039511f318,delivered,13/08/2018 13:59,13/08/2018 14:15,14/08/2018 14:43,15/08/2018 22:18,17/08/2018 00:00
0094dc9ea7e3cd54d95aea42685673ff,5c98ab90d6e953f282ff28ebc43a090e,delivered,07/03/2017 21:48,07/03/2017 21:55,09/03/2017 10:02,14/03/2017 15:34,30/03/2017 00:00
02624f7cd7272b3e027320023dbdc99b,5cc48607521a18de6b6e2eeaace14501,delivered,10/10/2017 09:37,12/10/2017 02:31,18/10/2017 21:52,25/10/2017 17:44,17/11/2017 00:00
0006ec9db01a64e59a68b2c340bf65a7,5d178120c29c61748ea95bac23cb8f25,delivered,24/07/2018 17:04,24/07/2018 17:24,25/07/2018 11:02,31/07/2018 01:04,22/08/2018 00:00
00b12f4674177ef40c4bdb034138c843,5d6daccfa147ddbc4d54826f8645ca5c,delivered,15/07/2018 19:47,15/07/2018 20:04,16/07/2018 14:23,20/07/2018 22:03,02/08/2018 00:00
00dc6ad47477b3b62d3c0acbe98a82a4,5dd8298fb952a22f28534bfbda71aa2f,delivered,24/02/2018 19:41,24/02/2018 20:20,02/03/2018 17:57,15/03/2018 21:42,27/03/2018 00:00
00a379dfab816a83741012b71b264098,5e3b89299a7d6e3e10f9bc6e77923f88,delivered,03/08/2018 19:50,03/08/2018 20:04,09/08/2018 13:32,10/08/2018 18:18,08/08/2018 00:00
00d8d65b666158b633f96054d31af43b,5e98d1f8f0534c460557d71961a7f10a,delivered,13/10/2017 19:57,17/10/2017 04:24,18/10/2017 10:53,07/11/2017 20:38,07/11/2017 00:00
01f78824e3a8e474a36d8dfc2a2c35f4,5ea43e101aceaadd7ca9fcf1b0226a6e,delivered,19/09/2017 10:17,19/09/2017 10:35,19/09/2017 17:47,06/10/2017 20:12,09/10/2017 00:00
012b3f6ab7776a8ab3443a4ad7bef2e6,5ecc5bb2b96483a913b2d138e56aa1df,delivered,04/05/2018 21:18,04/05/2018 21:33,05/05/2018 09:30,12/05/2018 12:58,01/06/2018 00:00
020f64bdb28111d057f49277da918771,5f34e2c2466a63ed9257b5925326292a,delivered,09/06/2018 09:33,09/06/2018 09:52,11/06/2018 14:31,13/06/2018 21:26,25/06/2018 00:00
015975a1ff4fdab8ae6f42eaaffd39fb,5f3f5e9d45914b3cecccafe39f3f3028,delivered,09/01/2018 20:58,10/01/2018 10:32,15/01/2018 16:42,02/02/2018 18:51,20/02/2018 00:00
0019c29108428acffd089c36103c9440,5f6bbac628ae418db4e0f92932f899c1,delivered,06/03/2018 06:40,06/03/2018 06:50,07/03/2018 01:20,16/03/2018 22:34,11/04/2018 00:00
01719300f9ca182b8361556a3873d8ed,5f7a7e33fde7fdd09dac4e27902f7868,delivered,28/08/2017 10:15,29/08/2017 04:30,29/08/2017 14:36,04/09/2017 20:39,21/09/2017 00:00
01442602b15d4127a84ca6ac1507ee2d,5f816233eb2322dd00015934ff84693c,delivered,29/07/2018 14:13,29/07/2018 14:31,30/07/2018 18:05,06/08/2018 18:03,21/08/2018 00:00
022e89c60857b5c81788e7e09d04b3ef,5f903b2d6b866fe2698c86e8dd4628c1,delivered,06/06/2018 14:59,08/06/2018 03:13,08/06/2018 15:44,14/06/2018 20:33,12/07/2018 00:00
00f8fc0cb9d9b7813f1f54fbd75426f1,5fabfab95333c3c3641f4cd20f86a56e,delivered,22/01/2018 10:45,22/01/2018 14:16,23/01/2018 22:19,02/02/2018 01:02,14/02/2018 00:00
011af0959ebf2b09a062867811dc63b5,5fbf764940fb75727525f6af71eef49d,delivered,06/08/2017 17:35,06/08/2017 17:50,07/08/2017 20:22,09/08/2017 21:03,29/08/2017 00:00
020c2cd20d09193b79c51797a82aaa3e,5fd34b6c7233619283197ff572e5e966,delivered,28/11/2017 14:19,28/11/2017 14:30,29/11/2017 16:24,04/12/2017 18:08,21/12/2017 00:00
02623e799dcc1e41066ddfe4af591f24,5ffea9b2ecf7eb23b4db0b1c4f76765d,delivered,06/12/2017 08:47,06/12/2017 08:57,06/12/2017 23:48,23/12/2017 18:14,04/01/2018 00:00
006f7dfffe2d90809598e8f1972b829b,6031cd91d182925af3d38ae9590e5afa,delivered,22/03/2018 22:52,22/03/2018 23:07,31/03/2018 14:18,05/04/2018 19:18,11/04/2018 00:00
0095790a64527ec83aeaaf99023c050e,6081c7acb40f63731b3c982857c79581,delivered,15/11/2017 13:36,15/11/2017 13:50,16/11/2017 19:44,07/12/2017 21:46,11/12/2017 00:00
013a98b3a668bcef05b98898177f6923,60c23b4f05e926f24472f5ae2ec6b89c,delivered,11/08/2018 23:17,11/08/2018 23:30,13/08/2018 14:06,17/08/2018 14:38,17/09/2018 00:00
015e051dbb2407d4bd305635e46b732f,60f9c5ec01881784ca846e12c16aefce,delivered,30/07/2018 19:05,30/07/2018 20:00,31/07/2018 10:02,06/08/2018 19:58,15/08/2018 00:00
016726239765c18f66826453f39c64e3,6204061101097bad0b25b3c4fce9ee8d,delivered,14/06/2017 09:16,14/06/2017 09:25,14/06/2017 13:53,16/06/2017 10:11,30/06/2017 00:00
00a3f1ef430d3984dece2f39d6cbf431,6220c6ab35c110dc7945b0bba49dc486,delivered,18/05/2018 13:28,18/05/2018 13:55,21/05/2018 11:44,06/06/2018 15:42,06/06/2018 00:00
01428962dce3b65e5433eaeb16c0f48f,62a31d294c310db1ce08d21a575c4144,delivered,13/07/2017 14:39,14/07/2017 02:24,21/07/2017 17:39,31/07/2017 18:25,14/08/2017 00:00
0191bbb5166d4b9a68df11797d5acfa9,62b59a64eb786a96516229b7f3612c72,delivered,10/08/2017 12:17,10/08/2017 12:30,15/08/2017 19:26,24/08/2017 18:15,08/09/2017 00:00
002691433f09002ac9ca0c4e8dbb8ead,630b8c2f4134e83812d827e8006caa85,delivered,02/02/2017 21:18,02/02/2017 21:30,03/02/2017 12:34,07/02/2017 13:04,03/03/2017 00:00
012f29911fcd2f1209d937741a6bbc6f,63a479f36824ee8972e112caa2e4e64a,delivered,16/05/2017 15:39,16/05/2017 15:50,19/05/2017 09:39,22/05/2017 11:44,05/06/2017 00:00
011105c3b5b8693eda1bfb1f152cec2a,63cff72cfb37670b3c826dedcaf32a6d,delivered,31/07/2017 13:45,31/07/2017 13:55,31/07/2017 21:03,08/08/2017 12:45,01/09/2017 00:00
022e34b10acb0f74f51f03b3bf8d996d,63f88c298f90fa0472a1c82af364fb5d,delivered,11/01/2018 16:15,12/01/2018 16:09,15/01/2018 19:24,23/01/2018 20:32,07/02/2018 00:00
01ad4f241a16bff724de081b558f0f4d,64189e336678007d8130fcd712d4a2b0,delivered,09/02/2017 18:47,09/02/2017 19:03,17/02/2017 11:56,24/02/2017 12:38,24/03/2017 00:00
0068468c453d28c8ef3fd089e50a5847,6460086b02eadee2bb54c83af13698b0,delivered,24/11/2017 22:25,25/11/2017 01:31,27/11/2017 23:42,14/12/2017 11:47,20/12/2017 00:00
000229ec398224ef6ca0657da4fc703e,6489ae5e4333f3693df5ad4372dab6d3,delivered,14/01/2018 14:33,14/01/2018 14:48,16/01/2018 12:36,22/01/2018 13:19,05/02/2018 00:00
00d9ac423c9ad6781c0ed04e87666691,64a495213f59f3050ccd2ed250d88dde,delivered,03/10/2017 11:54,03/10/2017 12:07,03/10/2017 20:28,24/10/2017 23:03,03/11/2017 00:00
00229e4e43f7a7e0b9dd819ad43268d3,655418b3cc52d17ccb5b4330a7f03197,delivered,31/03/2018 16:41,31/03/2018 16:50,02/04/2018 22:38,05/04/2018 19:02,26/04/2018 00:00
01b538a0b1a9eeecdfbc03223190e4bf,65c6da734e03f00a02315762773f9e5a,delivered,01/03/2018 22:34,01/03/2018 23:31,02/03/2018 18:34,12/03/2018 22:34,20/03/2018 00:00
01ebb9ed879d6fa1da4857ed617972ab,65c931a66a152fc0769247ad03785247,delivered,27/04/2017 18:48,29/04/2017 02:43,02/05/2017 09:34,12/05/2017 17:24,25/05/2017 00:00
0176d7e16d1bd14cde42d9d3a24e525b,65d964c098f8db89e1a8a07af1e96d21,delivered,15/08/2017 20:57,15/08/2017 22:55,17/08/2017 16:25,24/08/2017 18:24,06/09/2017 00:00
021f21b778ea0a81da47ebe141b1b29c,668602ff7a4ac16b00c73785fda2025d,delivered,26/10/2017 16:31,26/10/2017 17:31,30/10/2017 15:59,03/11/2017 19:37,16/11/2017 00:00
0199edc5b01351df8e73a674aa473ee7,669fa2dbff38c196161e330c91842143,delivered,26/03/2018 19:33,27/03/2018 04:10,27/03/2018 23:43,03/04/2018 19:38,12/04/2018 00:00
0026a368634b6e6f34f33b1499773a30,66b8528f2144c6cf919795323c4d43fb,delivered,27/10/2017 21:10,27/10/2017 21:26,03/11/2017 20:59,07/11/2017 21:58,01/12/2017 00:00
00f9b6769c6648ac08bf43081d1f2b07,66f800bfc254bf9cec8041dd1896fcb7,delivered,12/05/2018 09:34,12/05/2018 09:54,15/05/2018 14:53,25/05/2018 16:54,19/06/2018 00:00
0216b8a71f44f126ac083fa5d639fe47,6721f296aee89a6caef0bf53c7547103,delivered,19/08/2018 00:17,20/08/2018 10:55,23/08/2018 12:56,24/08/2018 18:42,29/08/2018 00:00
0148d3df00cebda592d4e5f966e300cc,672510553bcfbf72de694db2cd88f046,canceled,19/08/2017 19:08,19/08/2017 19:24,,,11/09/2017 00:00
023aa4b0585594124bc50e55e0e11a5f,678c7714cdd189c7aca5cd7e6c70fb94,delivered,01/04/2018 23:03,03/04/2018 05:48,04/04/2018 21:57,09/04/2018 11:46,18/04/2018 00:00
0205c3dd6f4d8e348ee72fffd114fec4,67a1b364b073c272cc412276247ebe7a,delivered,24/07/2017 21:41,24/07/2017 21:55,26/07/2017 16:33,10/08/2017 18:49,30/08/2017 00:00
0120e3dd2696a3bbb68dc2860815f7f2,67ec7f982297cfb734824a3b3a7a56c0,delivered,26/03/2018 11:47,26/03/2018 11:55,03/04/2018 01:18,10/04/2018 20:58,11/05/2018 00:00
0029f17cf0e7640c5cb6825af681303f,687223424c00a708c168301ebb8d16ef,delivered,02/05/2018 11:59,02/05/2018 12:14,03/05/2018 12:12,10/05/2018 23:42,22/05/2018 00:00
026d2c7c84b97eb8854ca3fbdc6ab840,68fda186cf0d78b846df318aeb4e85a0,delivered,11/03/2017 11:54,11/03/2017 11:54,17/03/2017 07:19,21/03/2017 09:08,05/04/2017 00:00
01f80c40f143af17e50622fe26ca76c4,6909938bdfdc79e0e6a5eeeb781566ab,delivered,20/05/2018 14:26,20/05/2018 14:59,21/05/2018 12:42,02/06/2018 12:27,19/06/2018 00:00
001dbc16dc51075e987543d23a0507c7,698a74f33469466fa4172e829505d1c6,delivered,28/01/2017 13:17,28/01/2017 13:32,01/02/2017 15:59,13/02/2017 13:17,20/03/2017 00:00
00f6dbc6195397197ee147ee45607a2c,69a24d8e0de91f88acc612cb7d70dc1b,delivered,01/05/2017 17:23,03/05/2017 11:15,04/05/2017 13:46,17/05/2017 10:53,25/05/2017 00:00
000e906b789b55f64edcb1f84030f90d,6a3b2fc9f270df258605e22bef19fd88,delivered,21/11/2017 18:54,21/11/2017 19:09,22/11/2017 20:46,09/12/2017 17:27,07/12/2017 00:00
01835ef41c5ac66dd9ec6084fa1d0533,6a4ea2081853cd8dd8d7c69cdf86925a,delivered,11/05/2017 21:36,11/05/2017 21:45,16/05/2017 08:54,23/05/2017 22:13,01/06/2017 00:00
025d78a44b8f48c66fd09239910302b1,6a5c936a909849dc0470967e01a7177e,delivered,18/04/2018 13:37,18/04/2018 13:52,20/04/2018 22:29,23/04/2018 20:02,07/05/2018 00:00
0217ad862ae7391cc3964c07ce3d6ea1,6a72b0e91fbb821cdade717f5899a67f,delivered,29/11/2017 14:43,29/11/2017 14:58,01/12/2017 21:14,26/12/2017 21:32,26/12/2017 00:00
00063b381e2406b52ad429470734ebd5,6a899e55865de6549a58d2c6845e5604,delivered,27/07/2018 17:21,27/07/2018 18:00,30/07/2018 14:52,07/08/2018 13:56,07/08/2018 00:00
021397df4601b61a8bd063be9b5c54a0,6a9314555839080b4a67cab05e532105,delivered,16/11/2017 17:53,16/11/2017 18:15,17/11/2017 20:54,19/11/2017 12:32,29/11/2017 00:00
01dfa7b5bb8dcd546273e480c27043bc,6a9b5719c17e4f44e30d33c298c0739e,delivered,27/04/2018 10:01,27/04/2018 10:15,30/04/2018 15:24,09/05/2018 18:42,16/05/2018 00:00
01ed8d522a969ceeb6ba285a161bf4c9,6b1d775b2094e9c5a3a86e9e8fe01b3f,delivered,13/05/2018 17:58,13/05/2018 18:13,15/05/2018 11:00,18/05/2018 17:42,07/06/2018 00:00
01b2dd042de98a15b6a9a141bf71c344,6b635dc10f8b7e1032cc13ff619f52c9,delivered,11/03/2018 17:17,12/03/2018 17:10,13/03/2018 23:26,16/03/2018 17:21,28/03/2018 00:00
023b3575b6649cf01cb239c0e9603262,6b994d4f438ab832290549dd01b35032,delivered,28/12/2017 01:15,28/12/2017 01:28,04/01/2018 22:59,15/01/2018 12:22,30/01/2018 00:00
0124e0c5bfae1979838a91e47df53f14,6bf7cea1d53d6e27e5debdb2d5049ff6,delivered,08/02/2018 15:31,08/02/2018 16:59,14/02/2018 20:04,15/02/2018 20:11,26/02/2018 00:00
02951078a21a2d9341ea16089a4d5031,6c51ed8c29ff8bc5f3b649dc7315b787,delivered,16/03/2017 15:16,23/03/2017 16:10,24/03/2017 14:42,05/04/2017 17:04,19/04/2017 00:00
0046176ff0dbc2a178b7885355dfbb71,6cae94f1f58ab679c23ceb753967c9bf,delivered,29/05/2018 19:22,29/05/2018 19:35,30/05/2018 11:29,04/06/2018 18:18,29/06/2018 00:00
01fa35042136b75da24ce2a391b30eb9,6cb82041991c34e22c481ba240faeffc,delivered,08/01/2018 15:45,08/01/2018 15:54,09/01/2018 23:33,12/01/2018 21:58,07/02/2018 00:00
012eab2625c5f8aaac6f37f2c19ef62f,6cd14b229f3969efc4e799d5a58af63c,delivered,04/11/2017 00:38,04/11/2017 00:50,07/11/2017 15:42,14/11/2017 17:14,27/11/2017 00:00
0108c64ec135e4a7a75e9b5102af9bfa,6ce3934a71cf3aa6ff51b5298ed06d9e,delivered,29/01/2018 08:26,30/01/2018 05:31,01/02/2018 12:56,22/02/2018 18:17,26/02/2018 00:00
020347f6d056bb4209b3ee4711d25f1a,6ceae544a7b14267290dbaa361e511fb,delivered,24/07/2018 16:36,26/07/2018 03:15,26/07/2018 14:01,06/08/2018 12:36,16/08/2018 00:00
020bc32fbdded2a43147c70a5eb3ec21,6cffa1011064035b56965e363955f701,delivered,14/07/2017 22:03,14/07/2017 22:15,18/07/2017 20:51,28/07/2017 21:53,09/08/2017 00:00
027fb2504084c231e857f6cf558a9992,6d1e32657aaa25b6910098474e699e9a,delivered,09/10/2017 23:05,09/10/2017 23:14,10/10/2017 23:34,14/10/2017 00:43,27/10/2017 00:00
0132d77609dd6e1867515ec57d898c10,6d3be2594860b9675c102aa88d71992e,delivered,27/09/2017 01:15,27/09/2017 01:28,28/09/2017 18:05,09/10/2017 18:33,24/10/2017 00:00
0281b24682fddf0c7efcaa299b066827,6d68129f050598becc89de9b781c298c,delivered,24/06/2018 15:02,24/06/2018 15:19,25/06/2018 14:08,29/06/2018 15:49,16/07/2018 00:00
0261459497a63d27d6f197c00f2402d3,6dac42a8db39e203ab662d2bac64fa33,delivered,12/12/2017 19:45,12/12/2017 19:57,15/12/2017 20:00,05/01/2018 15:47,10/01/2018 00:00
0080eebb288dba1857ccf048dfe6bdfe,6dc7d8b1ac961fe9d43edb6ecadd5f10,delivered,11/08/2017 17:43,12/08/2017 17:45,15/08/2017 15:52,18/08/2017 20:35,06/09/2017 00:00
01eb154e5aa06eaf50851577302a04a5,6e3d5df3e5aed86d96bb5d0234f4044e,delivered,22/03/2018 11:42,22/03/2018 11:55,05/04/2018 14:42,09/04/2018 13:08,12/04/2018 00:00
0097aafe2a01dd54e39888976160c377,6e6943d8c4822ead782b17d532e6ee63,delivered,23/08/2018 14:41,25/08/2018 02:35,27/08/2018 14:49,28/08/2018 15:58,29/08/2018 00:00
01cce1175ac3c4a450e3a0f856d02734,6ec610172716519f13781b3068dde24b,delivered,19/07/2018 20:32,19/07/2018 20:43,20/07/2018 08:23,21/07/2018 16:27,06/08/2018 00:00
0098dbda25722a3f019fe252a0cd10b3,6ecb390e8056057a25a1b49c37206958,delivered,19/09/2017 18:05,21/09/2017 02:45,22/09/2017 14:18,02/10/2017 18:06,11/10/2017 00:00
0132fef017ccf586491ca3685de667df,6ed04295dca042b17dc984a992352343,delivered,06/06/2018 08:51,06/06/2018 09:11,06/06/2018 15:00,07/06/2018 17:28,03/07/2018 00:00
00a4d94df1c9757661679b2f4bd6d311,6fe655df4b9e1e4a3fc234cec27c55aa,delivered,26/04/2018 12:41,27/04/2018 03:30,02/05/2018 10:20,07/05/2018 20:28,22/05/2018 00:00
014a0793ab3d930d6f3b206cee474af4,70bed66339acf5dfede1a7dce682a6c4,delivered,24/06/2018 22:49,24/06/2018 23:17,25/06/2018 06:39,27/06/2018 12:51,02/08/2018 00:00
0231f6b89e5798ff6c0dfb1e18a94da9,719f6e6129a784bbc01b1267fe488547,delivered,04/08/2018 12:35,04/08/2018 12:50,16/08/2018 11:49,17/08/2018 17:43,22/08/2018 00:00
01a6ad782455876aa89081449d49c452,71accffbcbdf8e02f67a469f65cdbf73,delivered,18/01/2018 10:07,18/01/2018 10:17,22/01/2018 22:37,01/02/2018 21:02,20/02/2018 00:00
012bea13f9a355c983efb59a3f23583a,71cd7e5e11ae80ed42c6c57ff51a347d,delivered,24/11/2017 16:17,26/11/2017 17:15,27/11/2017 17:19,15/12/2017 15:09,27/12/2017 00:00
0240111ef6f94ee97599bd002acec1cd,71d768f0401c468141199473dc548df4,delivered,24/06/2018 18:26,24/06/2018 18:55,26/06/2018 09:19,29/06/2018 15:12,19/07/2018 00:00
0248cb6c91b223b74dc554e1d2c2a59d,720f9eb7343c0fb80260074ae6c3fc35,delivered,25/04/2018 17:50,25/04/2018 18:10,26/04/2018 13:44,08/05/2018 21:24,25/05/2018 00:00
0072847849eafe70995fa51a714c81ac,727dc68f327d34b77009f5d3da5250d9,delivered,14/05/2018 13:44,15/05/2018 04:52,17/05/2018 10:45,22/05/2018 22:23,29/05/2018 00:00
007bbb40c95870c0f75a7855f2636c65,72a46280034e63cc3703b1f969f65733,delivered,24/04/2018 10:37,24/04/2018 18:33,25/04/2018 15:40,26/04/2018 18:38,07/05/2018 00:00
016a6dbc80aea6e2d217d2bedbc7b59e,72d62fcd5850d8daa156a6a514da4ea9,delivered,13/04/2017 01:39,13/04/2017 01:50,13/04/2017 15:48,19/04/2017 14:05,05/05/2017 00:00
01e4eeac4002b2e57b7ada6bc3a3c38f,73b858b84d3afef2fdc6a26f3ee8c6f7,delivered,01/08/2017 18:44,01/08/2017 18:55,03/08/2017 18:32,08/08/2017 20:33,21/08/2017 00:00
00a3a334aec7455a6d3319981499a3da,73bcbe6adbf53dee67bec4399c32b98b,delivered,25/10/2017 11:00,26/10/2017 21:30,30/10/2017 20:55,04/11/2017 15:53,13/11/2017 00:00
029863af4b968de1e5d6a82782e662f5,74179773f1f31f3af11c3b3b065115f1,delivered,06/07/2017 09:03,06/07/2017 09:15,10/07/2017 19:43,13/07/2017 20:42,31/07/2017 00:00
01144cadcf64b6427f0a6580a3033220,74219e78dcaeeb30e8d09ed57801f0fe,delivered,03/02/2018 00:01,03/02/2018 00:15,05/02/2018 19:36,14/02/2018 15:10,12/03/2018 00:00
0040a56893444cb56cba7cfe2225e34e,74454d0e51e0eeaaaa9b7b135469c420,delivered,22/01/2018 23:50,23/01/2018 00:15,23/01/2018 23:46,14/02/2018 23:12,21/02/2018 00:00
0123098b96f3d4014545642be53d891c,746b43bea6d9eb220867694bfe4b800d,delivered,15/08/2017 11:02,15/08/2017 11:30,22/08/2017 10:46,29/08/2017 23:47,06/09/2017 00:00
021d08e4057e5b6414c8d2f69f4f72a0,7470a1ddb5f78a811fbef15b2556781b,delivered,07/10/2016 17:37,07/10/2016 18:01,25/10/2016 12:05,30/10/2016 01:25,19/12/2016 00:00
028e069ddb78a5a7179f1e6734e226c6,7475f775af7286fdb7c6802eade228bf,delivered,20/08/2017 12:10,22/08/2017 03:45,24/08/2017 19:22,12/09/2017 16:35,13/09/2017 00:00
010ff1cfe12f3094577e72b7bcecdf98,7496d369c45e3249794df2d9b132a3e3,delivered,11/10/2017 23:05,12/10/2017 23:14,16/10/2017 22:52,19/10/2017 18:20,09/11/2017 00:00
01633cfec0376ac9f2606e271ede5574,7511d7ebaabaa2f1e5b75763fac193c9,delivered,23/02/2017 12:10,24/02/2017 02:45,01/03/2017 16:14,16/03/2017 10:24,05/04/2017 00:00
026f3440c258a87c9f6fb9c8e1bbb6e7,7518fa33beeab5aa7ebe84e85d36ef99,delivered,18/10/2017 12:36,20/10/2017 02:46,23/10/2017 21:12,08/11/2017 13:42,30/10/2017 00:00
027b013d2186e25c2b82beb3679d0833,752b19f57cd013e2bf4e3c62da5a29e5,shipped,11/04/2018 15:49,11/04/2018 16:10,13/04/2018 20:05,,02/05/2018 00:00
002f98c0f7efd42638ed6100ca699b42,75fd1fb0bb511fc71ac2b2649c02b21b,delivered,04/08/2017 09:19,04/08/2017 09:30,04/08/2017 18:09,07/08/2017 19:07,05/09/2017 00:00
008ce8764db2e397e153000e017475b6,763a720a236f5b8efe8220ef8b87bc81,delivered,18/05/2018 20:42,18/05/2018 20:57,21/05/2018 17:38,23/05/2018 20:53,28/05/2018 00:00
029b1d3a355dec12cfed60927f076a9d,765e479faa5efcbc58b804c84c62cb71,delivered,17/07/2018 17:16,17/07/2018 17:25,23/07/2018 14:28,26/07/2018 20:18,17/08/2018 00:00
021645306ea1563079aaec6e96f20d38,765f69252734ee67b9b129b30f8220a3,delivered,01/04/2017 21:57,01/04/2017 22:10,10/04/2017 15:57,13/04/2017 14:26,10/05/2017 00:00
010e7dda85fff564e8b7076ae3928efb,76c6370ab8b030109448c39db2b9e08c,delivered,27/11/2017 14:26,29/11/2017 14:33,04/12/2017 23:18,12/12/2017 21:49,18/12/2017 00:00
00259a44fcad3fc0474329e925d14fc3,7715f80f77f2ebf4583f97a0a6a7548b,delivered,27/12/2017 17:52,27/12/2017 17:59,28/12/2017 21:53,04/01/2018 13:32,22/01/2018 00:00
009ac365164f8e06f59d18a08045f6c4,7887f43daaa91055f85b6dd23cccdfcb,delivered,23/11/2017 00:03,23/11/2017 00:11,23/11/2017 15:16,29/11/2017 16:33,13/12/2017 00:00
02058d1c3b825765a4ec45968b8a1c97,789866f98a4d051812a2ad7e9c2443c0,delivered,22/05/2017 22:10,24/05/2017 02:50,29/05/2017 14:03,05/06/2017 18:05,19/06/2017 00:00
00e6786fee8f476835c151a4d3fa9bf1,7920ebe0de6925c9b6a7900675231e7e,delivered,10/03/2018 01:01,10/03/2018 01:40,13/03/2018 18:31,21/03/2018 22:21,05/04/2018 00:00
026381d57420b32237d7d89a8daf21c9,797525177b28cb08ae6d244ca133823d,delivered,09/07/2017 16:25,09/07/2017 16:35,10/07/2017 21:23,17/07/2017 18:13,03/08/2017 00:00
01443cd06ea8bce82c554a46f307459f,7995a0161ac789e3a05607de1620d517,shipped,03/01/2018 10:43,04/01/2018 14:32,05/01/2018 17:35,,01/02/2018 00:00
00fb278a99144cc1004b3ed1452ff5e1,7a186a2e9b7fb35a7d158a5a43447b3d,delivered,05/03/2017 09:31,06/03/2017 09:35,06/03/2017 11:41,10/03/2017 11:38,23/03/2017 00:00
0173932ad60ecb31c620fc523d9f40bd,7a24e4852c5145e3def732c1bf6da68f,delivered,17/10/2017 15:25,17/10/2017 15:35,18/10/2017 18:58,25/10/2017 18:53,08/11/2017 00:00
00a99c50fdff7e36262caba33821875a,7a399396442d5601cbedfbd0a3cf1da4,shipped,17/08/2018 16:25,17/08/2018 16:35,18/08/2018 09:07,,18/09/2018 00:00
028ffc48d3a4004a010e5847d7266cdb,7ab6bf8e79e131fb7052921a49aabb2c,delivered,27/07/2017 17:28,27/07/2017 17:50,28/07/2017 18:38,02/08/2017 22:22,21/08/2017 00:00
01f9f30f42a15cb09e70666d0df18856,7b07a86ba7d3c0c53f96bf14ea8ecc1e,delivered,15/01/2018 09:31,15/01/2018 09:50,17/01/2018 15:05,26/01/2018 18:04,14/02/2018 00:00
026054570865201773b27b2748af1217,7b2dc93ae14fdd68c575ca579d937b71,delivered,08/12/2017 14:32,08/12/2017 14:49,11/12/2017 19:32,22/12/2017 20:59,08/01/2018 00:00
019ccfeea1ea9afbebdad57d65f2e36f,7b46de2ef0b70225f5ead1ebcb2954ac,delivered,27/11/2017 15:31,27/11/2017 15:58,30/11/2017 20:56,07/12/2017 21:12,20/12/2017 00:00
00137e170939bba5a3134e2386413108,7b63cba66b8e6d002e94d0990c1e2868,delivered,24/11/2017 16:50,25/11/2017 06:30,28/11/2017 19:43,11/12/2017 19:12,18/12/2017 00:00
0084209c576daad6ff4534902fcb4892,7bfe2d37d3643c4bd9fe6fd5c4228d0e,delivered,05/07/2017 13:14,05/07/2017 17:41,06/07/2017 15:29,18/07/2017 12:34,27/07/2017 00:00
019d029f0b101343d44017d249b1f64f,7c71e90638cc8c6940af7e83d490cfeb,delivered,11/06/2018 21:55,11/06/2018 22:19,13/06/2018 08:06,04/07/2018 14:41,12/07/2018 00:00
0259ec3c458d0e8c7564647a42408fa6,7c91fa46908712a478a20deaf86252bf,delivered,14/03/2018 08:53,14/03/2018 09:08,14/03/2018 21:52,02/04/2018 16:18,11/04/2018 00:00
00d831d5c3ea03b7cd6f883ad799c7e4,7cc995918b7c4560b0f7ec54ef108d83,delivered,12/03/2018 11:56,12/03/2018 12:48,16/03/2018 00:08,17/03/2018 00:52,26/03/2018 00:00
00c47cfa491ef55779ec7557673087fc,7ccd57bc5c4e0f34fcbc9209b2d4bdfa,delivered,23/07/2018 11:36,23/07/2018 14:30,23/07/2018 16:06,25/07/2018 14:41,06/08/2018 00:00
02645c905eb7d1591a679f9bc3b669fd,7d81b5f1ff0e0a22a9496943f1df6cbd,delivered,26/01/2018 16:09,27/01/2018 02:41,29/01/2018 17:19,30/01/2018 14:48,09/02/2018 00:00
003cc6161d7a2593f2525cce0c330d32,7d9802889236ab8fc541bfb438978cd7,delivered,03/08/2018 19:33,03/08/2018 20:04,06/08/2018 15:02,07/08/2018 11:32,08/08/2018 00:00
00418a49a685c6bb60633291c3fab17a,7d9edced80af5c9503cbf88a9e5f2a3e,delivered,03/10/2017 20:43,03/10/2017 20:50,04/10/2017 19:51,05/10/2017 19:53,19/10/2017 00:00
01115c06246220def210911556bdc0e5,7db5bde0f0fcee8817a4c317cf05429a,delivered,14/03/2018 09:20,14/03/2018 09:35,14/03/2018 19:22,03/04/2018 00:07,04/04/2018 00:00
00119ff934e539cf26f92b9ef0cdfed8,7dd2e283f47deac853cf70f3b63c8d86,delivered,06/08/2017 00:42,07/08/2017 00:35,07/08/2017 21:12,16/08/2017 17:29,31/08/2017 00:00
004b62108b876867938746ad3154167f,7ddb7e4242fcc518842aade22f5bee4d,delivered,04/07/2018 20:34,05/07/2018 16:40,11/07/2018 14:12,13/07/2018 02:46,19/07/2018 00:00
011080783e02d05b26c8c158b3653a42,7e1d6ae9c77f1010a374656024661408,delivered,14/06/2018 15:22,14/06/2018 15:38,18/06/2018 16:18,22/06/2018 23:36,13/07/2018 00:00
0025081dcf9330f9a5052ae82c6ce396,7e6fefa11d6a2c832593264f69df9de3,delivered,27/03/2018 16:25,27/03/2018 16:35,28/03/2018 17:58,05/04/2018 23:48,17/04/2018 00:00
02556030d826438ef986ab5fd723a9a5,7e99f5592fa32c986abe9622f3058a49,delivered,11/02/2018 10:47,12/02/2018 10:48,16/02/2018 20:09,05/03/2018 19:14,14/03/2018 00:00
01b6d15407d425529cbf0ec96258cb84,7ef73b34b0a8614d82a0756d9ca33f12,delivered,12/03/2018 21:47,13/03/2018 15:35,14/03/2018 18:27,06/04/2018 17:54,28/03/2018 00:00
01d72d42aaedb3736840132071d51100,7f19d565d956cc2fe3f01a860e841ae4,delivered,20/03/2018 12:44,20/03/2018 12:56,22/03/2018 21:13,05/04/2018 18:12,12/04/2018 00:00
00e5b655df1cc911466758210325c67c,7f2a66ad36459534aeadd9b1985bef2b,delivered,07/07/2017 14:20,07/07/2017 14:43,12/07/2017 11:37,18/07/2017 18:45,31/07/2017 00:00
019bdbaef5b5121c9b1811976aa510a5,7f340a499d079212d76e5a57f5d42389,delivered,08/05/2018 11:08,10/05/2018 03:36,10/05/2018 14:40,18/05/2018 20:30,01/06/2018 00:00
00b47ee856118583dbec7d1f9b18d847,7f6a163f7d28e407e5eaa735bf7014c5,delivered,26/03/2018 19:58,26/03/2018 20:10,27/03/2018 22:45,09/04/2018 18:52,13/04/2018 00:00
002f19a65a2ddd70a090297872e6d64e,7fa80efb1ef15ca4104627910c29791c,shipped,21/03/2018 13:05,21/03/2018 13:15,22/03/2018 00:13,,16/04/2018 00:00
01cbdb2a8c075eaf248af643b3389f73,7fbb5f4108715c74461dfab031ea62bc,delivered,09/07/2017 21:20,09/07/2017 21:30,10/07/2017 17:40,24/08/2017 23:18,09/08/2017 00:00
0124f01177fc17cf20e1974621fd759a,7fdbfe237a74f478ff41c54678f104ab,delivered,13/05/2017 14:03,13/05/2017 14:15,15/05/2017 14:02,22/05/2017 14:45,02/06/2017 00:00
01a0013ddc7cd129e350e8671b56a263,800631fef0a782c3a8efe7d8071df64a,delivered,23/03/2017 19:47,23/03/2017 20:02,24/03/2017 18:42,12/04/2017 10:33,25/04/2017 00:00
025830a006d984bf712a8c6a1eca41c0,8048f231121e6b83e7042a1d02021b13,delivered,09/03/2018 19:42,09/03/2018 19:55,12/03/2018 23:02,11/04/2018 21:58,28/03/2018 00:00
0017afd5076e074a48f1f1a4c7bac9c5,8085a9af46f619bc25966f151a362b0d,delivered,06/04/2017 22:16,06/04/2017 22:25,17/04/2017 13:54,23/05/2017 08:32,19/05/2017 00:00
