seller_id,seller_zip_code_prefix,seller_city,seller_state
4be2e7f96b4fd749d52dff41f80e39dd,69900,rio branco,AC
327b89b872c14d1c0be7235ef4871685,69005,manaus,AM
1444c08e64d55fb3c25f0f09c07ffcf2,42738,lauro de freitas,BA
2b402d5dc42554061f8ea98d1916f148,44900,irece,BA
398cb257329ef7af7f1943a8974a3cbc,40285,salvador,BA
4221a7df464f1fe2955934e30ff3a5a1,48602,bahia,BA
43753b27d77860f1654aa72e251a7878,44895,barro alto,BA
4aba391bc3b88717ce08eb11e44937b2,45816,arraial d'ajuda (porto seguro),BA
4fb41dff7c50136976d1a5cf004a42e2,44002,feira de santana,BA
21c62b998a043ebe31161d38f84929fc,60110,fortaleza,CE
299c89a525fee36c567f4fe72f038100,63540,varzea alegre,CE
38102b031c2a15e54623d711bfc753d3,62170,mucambo,CE
3da38366e7bd9baf6369071f782ecdf0,60346,fortaleza,CE
191d55f7edb8524d525ed01b20fe32e8,73020,brasilia,DF
2493dc3f20131696a0ecdb9948051a8d,71065,brasilia,DF
293dee954235e4e4e43f129313625ebe,72125,brasilia,DF
2a50b7ee5aebecc6fd0ff9784a4747d6,72580,brasilia,DF
2addf05f476d0637864454e93ba673d5,70856,brasilia,DF
3c487ae8f8d7542beff5788e2e0aea83,72460,gama,DF
4170f6a9367e6b5d6401d03ce6d54569,71906,brasilia df,DF
42bde9fef835393bb8a8849cb6b7f245,71551,brasilia,DF
432c37c9dfba871172ec162e20118b8c,70235,brasilia,DF
43b2c864251aa0ce4030c746984e088a,71936,brasilia,DF
44073f8b7e41514de3b7815dd0237f4f,71070,brasilia,DF
4a1917ef994878940e1fb03eeb787ad7,70610,brasilia,DF
001cca7ae9ae17fb1caed9dfb1094831,29156,cariacica,ES
15aac934c58d886785ac1b17953ea898,29480,muqui,ES
2c9005d8043aff18b8557ffb7b13cda4,29304,cachoeiro de itapemirim,ES
2f4b9d112bfa44a214bc6cef085d17c8,29600,afonso claudio,ES
2f73e04d12cdf0c945ded66bb3fcf6c7,29313,cachoeiro de itapemirim,ES
31eec405c9bb71dec8e2629a92e764fa,29300,cachoeiro de itapemirim,ES
33dd941c27854f7625b968cc6195a552,29107,vila velha,ES
406740ee611378a662d274c7d8c43c4a,29056,vitoria,ES
41da412d33e8da4f22baf55cb1bde82c,29260,domingos martins,ES
51209b446b2073894bdc0face6c73ffc,29104,vila velha,ES
003554e2dce176b5555353e4f3555ac8,74565,goiania,GO
01bcc9d254a0143f0ce9791b960b2a47,76400,uruacu,GO
05a940b4ecae36cadfd8e93bd9c43257,74305,goiania,GO
0daf5180aa44356f60f8effa533b55a2,74043,goiania,GO
0ec28cec4046a4a199b6de9b4c891d97,74110,goiania,GO
13d95f0f6f73943d4ceffad0fc2cd32c,74473,goiania,GO
17908cf9b444ee34047cadd5c0f4a516,75124,anapolis,GO
2d42ebcda99fd55f6f4bc2f1ca035d50,76400,uruacu,GO
31e60bf8d103ce47932a85f5562deb16,74590,goiania,GO
376a891762bbdecbc02b4b6adec3fdda,74323,goiania,GO
39c763cca83e654764b7a4a650fb9b7c,74563,goiania,GO
39f776d2974049026ff531fc42ef2a3e,74835,goiania,GO
3aa3c89ae3cd482385568be76120f63c,74343,goiania,GO
42d4b7e70819438f5ada61c965e92d7e,74045,goiania,GO
06a2c3af7b3aee5d69171b0e14f0ee87,65072,sao luis,MA
00d8b143d12632bad99c0ad66ad52825,30170,belo horizonte,MG
014c0679dd340a0e338872e7ec85666a,35180,timoteo,MG
028872bfa080090a9d0abd4f1af168f8,33940,ribeirao das neves,MG
02dcd3e8e25bee036e32512bcf175493,32310,contagem,MG
03bd479e1d9484cdb14104d3023f7321,38401,uberlandia,MG
0509040ea3fe50071181bbc359eb7738,31710,belo horizonte,MG
05d2173d43ea568aa0540eba70d2ca76,37135,alfenas,MG
05f51e13da97139648b8125c31e5f51b,31910,belo horizonte,MG
06bb3a2fe5e7b7a845b13e8fb91bd944,31844,belo horizonte,MG
0791d9fc1e30678ecf03d3e55fa108d3,30775,belo horizonte,MG
080102cd0a76b09e0dcf55fcacc60e05,31140,belo horizonte,MG
081acf3de680d554796c9cf041be7bc2,33200,vespasiano,MG
08cdbae123ff67ca4e36d9d641ce0119,36504,uba,MG
08d1c9478fb0d7d7fcac9c0da4e82fc7,31110,belo horizonte,MG
0a198e95d32b1be2da9424c962a6ebfa,32260,contagem,MG
0aa124728afc1131dff5655f4c6f487b,37135,alfenas,MG
0afccdb8a34ee5c79f7c06faf2b4d56e,38400,uberlandia,MG
0b46f784306be7200ca1700aa55d819f,31210,belo horizonte,MG
0c8380b62e38e8a1e6adbeba7eb9688c,37410,tres coracoes,MG
0cbcee27c791afa0cdcb08587a2013a8,37410,tres coracoes,MG
0d85bbda9889ce1f7e63778d24f346eb,38414,uberlandia,MG
0df3984f9dfb3d49ac6366acbd3bbb85,32604,betim,MG
0ea22c1cfbdc755f86b9b54b39c16043,35700,sete lagoas,MG
0ebd97a106433a45a4aebe57c1799778,32240,contagem,MG
10cdd491d1dbea8fb4ead97b19c334ce,37540,santa rita do sapucai,MG
11305281b50fff20ae8bb473f8e11876,36500,uba,MG
1554a68530182680ad5c8b042c3ab563,37580,monte siao,MG
15cd6eefe58588619aaed41dfa6621b1,35400,ouro preto,MG
15ead3a5037a918ddb520dfe39a3d2b9,36401,conselheiro lafaiete,MG
1703bc09972dab9782e7a9194943b69f,37165,minas gerais,MG
17998cf586426bf0f2c3726cb0a4b211,30710,belo horizonte,MG
17ca9b9e9b9ef8fdb529001b49ebb50f,32677,betim,MG
1838dd9b8977065acf51d95e0053ea7a,30882,belo horizonte,MG
1987cd4be10fe09ee50454f9c354d1c6,37570,ouro fino,MG
198c7ea11960a9844b544d9bcdca860c,37590,jacutinga,MG
1c742ac33582852aaf3bcfbf5893abcf,30668,belo horizonte,MG
1ca4bdb0cd7fc48e949bac066188ed26,36773,cataguases,MG
1cbdc7cf130a41fd13a3c2a7d2fcfda7,37480,lambari,MG
1d29dfba02015238dfbe2449a5eaa361,36576,vicosa,MG
1d953075c2f0dd990bacf27b83b330f1,30421,belo horizonte,MG
1da366cade6d8276e7d8beea7af5d4bf,36500,uba,MG
204b4e07bddef3c9b317f70189135b22,37564,borda da mata,MG
20d53aad4fe5ee93a64f8839609d3586,37540,santa rita do sapucai,MG
213fafb0ca06fb3d5886579c2565791b,35700,sete lagoas,MG
21e83881401b92b49fb09a16d3852291,38405,uberlandia,MG
229c3efbfb0ea2058de4ccdfbc3d784a,30190,belo horizonte,MG
22a23e5ac7061fc538cc2a019afaaf16,30310,belo horizonte,MG
23ff42c4bf1f8f16cddb19d8b972974a,37975,itau de minas,MG
25c5c91f63607446a97b143d2d535d31,35680,itauna,MG
276677b5d08786d5dce7c2149dcce48b,31730,belo horizonte,MG
282f23a9769b2690c5dda22e316f9941,31573,belo horizonte,MG
28a26ebce31d5918b181ede016fd693b,31950,belo horizonte,MG
29e6e05b65f93bc224c644319dc52ecf,36010,juiz de fora,MG
2a1348e9addc1af5aaa619b1a3679d6b,30494,belo horizonte,MG
2a5b78b41cd05baeac8df54c6606b92c,35570,formiga,MG
2a84855fd20af891be03bc5924d2b453,30111,belo horizonte,MG
2b1a40c1daabc6ca280c4b815c101841,35500,divinopolis,MG
2b2fed75b8e5ea3a052fc4c0825da485,36015,juiz de fora,MG
2bd05d410a8fd26dc4184a15f4f2f588,31130,belo horizonte,MG
2c00c85d30361cd2ced2969cffbbffa3,31160,belo horizonte,MG
2c43fb513632d29b3b58df74816f1b06,30421,belo horizonte,MG
2c538755f1ca9540af144f266e70df6c,39801,castro pires,MG
2cb6eb1b7185064167657fa09f541105,34710,sabara,MG
2e3be8a987a30d7544dbbda6861cc14e,30620,belo horizonte,MG
31344c16881c08a8a72c6d2eb29918c1,36500,uba,MG
32fdd5d44ecb43dfd6a24b9369eca144,35557,carmo do cajuru,MG
34d1ca11b242c0fee2c834ae8d788566,36415,congonhas,MG
3a490ba60afa30ece0e7d50cfe74a4f0,31365,belo horizonte,MG
3afc536624bc2e65bddfb5db33cc01f3,30150,belo horizonte,MG
3d2531eccfbde1d7c8db7a3a12fb267a,31340,contagem,MG
3d49bfdd1b43a7fe169b3740067acc61,39400,montes claros,MG
3db66a856d18a9cba7c9241fc5221c50,35430,ponte nova,MG
3ded4e2d5f135cb103e5949d7263d2dd,37550,pouso alegre,MG
3ea08c48e851106d2f584349daba335f,36201,barbacena,MG
3fe7120d6257285ac6a3ce7cb071ccec,35044,governador valadares,MG
402916f742e5c740cc751493d9cf5053,39740,guanhaes,MG
403aa86912527d730337ffcb0fb096ab,30220,belo horizonte,MG
4049512728d969bec69f84088b012416,30310,belo horizonte,MG
404e1ba01358af4cd63f679b2c4d1fa1,36032,juiz de fora,MG
41ab63a91b8b264e8c8780368bf1dd5b,31555,belo horizonte,MG
41c9d3997dd3c072c31139dc5bb5761f,38182,araxa,MG
4305fe92735c8a43d154ff6dd2b8d927,35170,coronel fabriciano,MG
43a5d4a57af536fddc96d08be3afdfcb,37006,varginha,MG
46ef1a25845fc051c2998d878354810c,35530,claudio,MG
478bfe564db21eeb44386606aa30b650,33600,pedro leopoldo,MG
47f55702f598c7c6cc8458b0fbc1c49a,36213,dores de campos,MG
48e5ee06fb2dc74df1c711a9b6dfac2a,35540,oliveira,MG
49067458c68f7701fd334ce326accbe0,36050,juiz de fora,MG
49e7217cfe4e427191c378ec626d8737,35570,formiga,MG
4a82c4af97ffc0fb2dc26bfdc03b1842,35590,lagoa da prata,MG
4be9ae93c4fc0f41713d71a4194ee1b3,35500,divinopolis,MG
4d0041cdbe51b4617d95c70b19decc74,36052,juiz de fora,MG
4d232b78ab7ef10393dc3807d827bc0d,30120,belo horizonte,MG
4d6fb82c629c7a5028bfd973c07b05e0,31525,belo horizonte,MG
4e06067cc08b3f41d837768d392c3ee3,32604,betim,MG
4e2627090e6e5b9fabba883a37897683,31565,belo horizonte,MG
4e480be820e37de1444325ff358c9296,37410,tres coracoes,MG
4f1f1c8666cdb6442f775c4e8caed465,30240,belo horizonte,MG
5075aaa8404020ae6aa8bf4792099b41,37706,pocos de caldas,MG
50c9975695009e5e6473912e83a6d1da,35530,claudio,MG
5194c22ed1f616ec0c0f33c571542879,37540,santa rita do sapucai,MG
51e0557bc7b86de13e946c60ee91ce39,31510,belo horizonte,MG
515d781150feed28a6ac091bb0e3cb8c,79090,campo grande,MS
1e9d5a33694bddb76316fd1f54734d20,78820,jaciara,MT
2dee2ce60de9709b1a24083217181a1f,78552,sinop,MT
07017df32dc5f2f1d2801e579548d620,58030,joao pessoa,PB
24c1de8d9551c0b4fbc53317d53efda8,58385,serra redonda,PB
1d0997ff06b524ce9289ffd75114ecd3,52020,recife,PE
40db9e9aa57f7bb151bcda6b0f9bdbb7,52010,recife,PE
47efca563408aae19bb7206c2d969ea9,64033,teresina,PI
00fc707aaaad2d31347cf883cd2dfe10,87025,maringa,PR
01266d4c46afa519678d16a8b683d325,80250,curitiba,PR
013900e863eace745d3ec7614cab5b1a,80740,curitiba,PR
014d9a685fd57276679edd00e07089e5,87015,maringa,PR
01cf7e3d21494c41fb86034f2e714fa1,85603,francisco beltrao,PR
01fdefa7697d26ad920e9e0346d4bd1b,86050,londrina,PR
0241d4d5d36f10f80c644447315af0bd,80330,curitiba,PR
02f5837340d7eb4f653d676c7256523a,80620,curitiba,PR
06532f10282704ef4c69168b914b77be,87140,paincandu,PR
066a6914e1ebf3ea95a216c73a986b91,85863,foz do iguacu,PR
0691148aee60ca47977c187804f935ae,86010,londrina,PR
06df0c10d34e459d9672bc77388742eb,87045,maringa,PR
08d0949a9a17c027262db1f3c450c26c,85804,cascavel,PR
0ade5cc4a305ed7093a23f68ca47519c,81030,curitiba,PR
0b35c634521043bf4b47e21547b99ab5,84530,teixeira soares,PR
0b90b6df587eb83608a64ea8b390cf07,87025,maringa,PR
0c7f30ae9b147eca07affbef92832a6a,84020,ponta grossa,PR
0cab2da43793a6f3c5ed8514c5f54627,80060,curitiba,PR
0ef83d7d83ed97cd2a0049ac8be5f88a,80230,curitiba,PR
128639473a139ac0f3e5f5ade55873a5,87050,maringa,PR
13c2ed7698b3ca92dad49e849219da59,84010,ponta grossa,PR
141440cad9341e553f8401c574a2aa38,85200,pitanga,PR
1588ac4010787100dddef64568f0ae35,87045,maringa,PR
160e4f13fd3a64b1b86807be88b5ffb0,83409,colombo,PR
164a5a8794e6d42e14f55e447b12a3bc,85980,guaira,PR
165fc07beebdcb6190fba8a06db2a449,87015,maringa,PR
19a7c9f66ffa6452ff4b4c0cca71da27,85880,itaipulandia,PR
1b1ae47a313a825a7ccceb8e2e30fa9d,83450,bocaiuva do sul,PR
1b45169b635ef59425637e9a33eb5fb3,87050,maringa,PR
1b61fb1f0f2185d89e9a126c498e9cc7,87015,maringa,PR
1c68394e931a64f90ea236c5ea590300,87114,sarandi,PR
1cbcd2ee0afb3fc09963b87eb65e7e4f,82640,curitiba,PR
1cbd50a8c52e6cf8e315c5709fab386f,83830,fazenda rio grande,PR
1d8dbc4f32378d715c717c1c1fc57bae,86706,arapongas,PR
1f867308a0ce13133a4e639ff4de0c02,82510,curitiba,PR
2059c39f76271d4ca3f15b5ffaccc8b8,81930,curitiba,PR
2063dd1b9f568df1c16741ea7d3e6adb,85065,guarapuava,PR
2075d8cd4dd63ff12df0749a5866bb06,80010,curitiba,PR
2078fe5066350e7d220c0ad3a3bbc6c1,86707,arapongas,PR
20cb7c2fde3e5bf10f0bbe7394e1c6a9,86385,andira-pr,PR
20fd2d2080ed85fa67fad3fcbb2c1813,83405,colombo,PR
226b05fe067266c59c15dae208213d06,81520,curitiba,PR
228e4c1a0be164f613d41c24345f9d2c,86360,bandeirantes,PR
22c32ec35d0116ef02c281798a25bf8b,87043,maringa,PR
253c025bab43881055aeecde5e2d8b77,80620,curitiba,PR
257e61d3251fb5efb9daadddbc2cf7ca,86804,apucarana,PR
258447aad3f7b01e2643c89f64dc5647,87210,cianorte,PR
26af45f5dfd967225a832838aa4e24a3,81070,curitiba,PR
26d6bbee02420494d471c9f6436929c0,81530,curitiba,PR
26d8a1c7c75d513045798992ead43aa2,86800,apucarana,PR
297d5eccd19fa9a83b2630071ff105e4,80710,curitiba,PR
2a7c6c0b0d5efde2bf75ec1e1cec2d41,87015,maringa,PR
2bf28e311bba65237358230cabac3f15,86047,londrina,PR
2c54051840f19eca309a5423cf22df36,81830,curitiba,PR
2cb4700db635baa1c0d4f90ed27b6669,81070,curitiba,PR
2d20f1cd18725c91147da0791d498022,86040,londrina,PR
2dd1fb6f0e42a2243b8a01e40cd41216,80240,curitiba,PR
2e2f44824ab87a0cb961f68bf4073e7f,82315,curitiba,PR
2ff6b7bff164ef05590a52734e1296da,86060,londrina,PR
328acb143b4a73aad6bee8e734f5d20d,85865,foz do iguacu,PR
3340ef1913fb70d28420f6ceb685c339,87040,maringa,PR
33576ec5412fb5905d876f12f33bfde6,80040,curitiba,PR
3361277dc30b7cccdb0c286b24219756,87015,maringa,PR
33c51922b6e3c16b24a8f28e5833c99d,86010,londrina,PR
34675b28b826facfde119785bf287dc1,85802,cascavael,PR
34aefe746cd81b7f3b23253ea28bef39,81210,curitiba,PR
35fb511489d9ee3ee27a76debce9df06,86061,londrina,PR
36f98ad67cc981f50ce8aed093d5783c,85904,toledo,PR
377bc18334c78dd2f1535ef22a3ad225,83015,sao jose dos pinhais,PR
3785b653b1b82de85ab47dd139938091,85640,ampere,PR
381c83fdca332ea6afd896da20bf6e4a,80010,curitiba,PR
38e679b9e0064cd94c6f035707344dae,86010,londrina,PR
3986c0b54f6b748b75e7bd4e092aa3e5,80250,curitiba,PR
3a3c180dd702a725bd0ba4117689239e,84600,uniao da vitoria,PR
3bb548e3cb7f70f28e3f11ee9dce0e59,87040,maringa,PR
3bfba5a77604f6dfae7e6dd7aaf65821,86046,londrina,PR
3c010235b7345c92f125d14ee232a76b,83800,mandirituba,PR
3c4e0452bff7a2a788179488d3d77032,83408,colombo,PR
3ca08eeb8d5595949fed424bd3677742,82510,curitiba,PR
3dbbce181edfaa4a597ec858c382d2ec,82515,curitiba,PR
3ea00e1dea2b0659dbaf654735929220,80020,curitiba,PR
3f0e48d209018b466fcd3bb4ccfeb520,80215,curitiba,PR
3f2af2670e104d1bcb54022274daeac5,87240,terra boa,PR
3f8034bfc6b8b4135534975d49f04c63,81560,curitiba,PR
3f84fefc07dc159b268d4a77d3e8c425,83833,fazenda rio grande,PR
3f9be91358837bff69df67edfa3e42e8,86039,londrina,PR
3fefda3299e6dfaea3466ef346a3571a,82620,curitiba,PR
40ec8ab6cdafbcc4f544da38c67da39a,85603,francisco beltrao,PR
42b6488f5b8246d9141712abd4b1b693,87014,maringa,PR
43a1d4bab73b816e44ef4e4facd9f9b5,87050,maringa,PR
461ff5303b6c9c1a4a07f40c5aece516,83323,pinhais,PR
4677a5437afda5fa7140b927b07be1cc,84920,japira,PR
48efc9d94a9834137efd9ea76b065a38,81130,curitiba,PR
4a82168aaef173cbb6e46ae88728f919,84500,irati,PR
4b5f66b7adcf57f1ecc0d3c07dd6b177,87025,vendas@creditparts.com.br,PR
4c4d546adf3c3868fe19c9ec6e9ffda9,87013,maringa,PR
4cc4fd4fdd406a85bbdc1f824b731bd7,85906,toledo,PR
4ce8b55b4bfa4659184e7becc1fba3f2,83823,fazenda rio grande,PR
4d600e08ecbe08258c79e536c5a42fee,85988,entre rios do oeste,PR
4da0e408c99d2fdc2126dc9fce518060,86300,cornelio procopio,PR
4dbd95a08b31ede5c82d3f861cb1ce1a,80210,curitiba,PR
4de6e4ba574aa9dfdc824bc44dc47fdd,83402,colombo,PR
4fe2f67634d00c021aa01f96b6f2d68e,87035,maringa,PR
5145090ab595c0d0b8557199f5701fbf,82900,curitiba,PR
51f108f62cb87d61918159902c8f8583,85801,cascavel,PR
522620dcb18a6b31cd7bdf73665113a9,85801,cascavel,PR
52956b80ae65fda598f06f6b9943e7a9,87050,maringa,PR
001e6ad469a905060d959994f1b41e4f,24754,sao goncalo,RJ
02a2272692e13558373c66db98f05e2e,20040,rio de janeiro,RJ
04aba03279157f6d4e0fe8ccaf21963c,28470,santo antonio de padua,RJ
056b4ada5bbc2c50cc7842547dda6b51,26379,queimados,RJ
058cb5aeb36d7c0fcae20fc85d5e0a59,21635,rio de janeiro,RJ
0747d5bb69f0586cc869d8af4c50f93e,28990,saquarema,RJ
0ad80de75c811326389cfb1daba7d45e,20261,rio de janeiro,RJ
0bfd0b434243adc5c2e1aa6baf19c6aa,22745,rio de janeiro,RJ
1099a00e0ee3a50935e6c2447ca090c5,20921,rio de janeiro,RJ
117cfc326c6d50da67ca858ff5c0c852,25530,sao joao de meriti,RJ
120476eb7a04c149d14772edaf5d9bf2,23954,angra dos reis,RJ
1352e06ae67b410cdae0b2a22361167b,26051,rio de janeiro,RJ
1464afc72f696af775557a821c2e253f,28630,nova friburgo,RJ
15aec03fe4cf30dfa574cf550f5ff5ff,21862,rio de janeiro,RJ
1caf283236cd69af44cbc09a0a1e7d32,26020,nova iguacu,RJ
1d2732ef8321502ee8488e8bed1ab8cd,20031,rio de janeiro,RJ
1fe5540d7c1c37a595fefbacd5570d9e,25850,paraiba do sul,RJ
240b9776d844d37535668549a396af32,24120,niteroi,RJ
249f0e9905a6e06ad6c6bea7547ab9f6,20950,rio de janeiro,RJ
26f6b7ab07be3e9e69ce82a6552efc19,21070,rio de janeiro,RJ
2aa3443d7bf9d9bb11133f420d75e083,22713,rio de janeiro,RJ
2bf6a2c1e71bbd29a4ad64e6d3c3629f,28615,nova friburgo,RJ
2d22fc3089eb907b29ebff50581fb472,27972,macae,RJ
2fb25ab44bdbeae6a4d816e0d0c9d500,27274,volta redonda,RJ
30c7f28fd3a5897b2c82d152bb760c17,24020,niteroi,RJ
32e5635e63cb374eb63afdd242fb6134,22451,rio de janeiro,RJ
33ab10be054370c254ddfcf0a6253422,22790,rio de janeiro,RJ
373ee4a3a775a733770ca3f790b8b9ac,22793,rio de janeiro,RJ
382229d1e840115ffe3dbf5ff460e417,23092,rio de janeiro,RJ
3c03b12bab54d8b37d79d914bfdb1aa0,25561,sao joao de meriti,RJ
3d5d0dc7073a299e31fa718ce1bc00b6,22785,rio de janeiro,RJ
3e8bd881d92466e63ba9e3e809cd3c50,20751,rio de janeiro,RJ
3f9c56764fabca627406093dcb3ef0b4,22745,rio de janeiro,RJ
4003520d80d0bad1d5623f7aa3c63cda,20520,rio de janeiro,RJ
4342d4b2ba6b161468c63a7e7cfce593,22793,rio de janeiro,RJ
455befea1bb853c75ccbca94cff26e5c,27525,resende,RJ
466222e777149751370e7e98fb623b0c,20931,rio de janeiro,RJ
46dc3b2cc0980fb8ec44634e21d2718e,22240,rio de janeiro,RJ
48fb026ed7455a42f5d3e9390ed5088e,27321,barra mansa,RJ
4a5b36211b1f51bf7eaa5c10a57fa483,24445,sao goncalo,RJ
4c61e37f664c3c88aff092aa5ac779d7,24020,niteroi,RJ
4e0d109ccfba9a1151c103049880c857,25550,sao joao de meriti,RJ
512d298ac2a96d1931b6bd30aa21f61d,20060,rio de janeiro,RJ
516e7738bd8f735ac19a010ee5450d8d,22230,rio de janeiro,RJ
02d35243ea2e497335cd0f076b45675d,59077,natal,RN
392f7f2c797e4dc077e4311bde2ab8ce,21210,rio de janeiro,RN
41c2bad7229b0c25e6becf179ebf63ff,59020,natal,RN
52562a9f449c3dc3d53f5f5b9ed74903,59152,parnamirim,RN
3364a91ec4d56c98e44174de954b94f6,76804,porto velho,RO
04843805947f0fc584fc1969b6e50fe7,93900,ivoti,RS
04ee0ec01589969663ba5967c0e0bdc0,95910,lajeado,RS
05ff92fedb5be47920fea08e501238b9,98803,santo angelo,RS
062ce95fa2ad4dfaedfc79260130565f,95913,lajeado,RS
06e5eefc71ec47ae763c5c6f8db7064f,91350,porto alegre,RS
091065b789659bc3cd9af9cb3a6253ff,92120,canoas,RS
0b64bcdb0784abc139af04077d49a20e,92420,canoas,RS
0d83f8e03188682112cc0d93523705cc,91150,porto alegre,RS
0ff83046c3fa22efee8ecf291888b191,95110,caxias do sul,RS
12b9676b00f60f3b700e83af21824c0e,95780,montenegro,RS
13074f016982ff2bd6c58ced8682f000,95705,bento goncalves,RS
13511db12ac61e2f89c53b72a944a60b,95020,caxias do sul,RS
14f2b3587172b9db894c9bad8dab520b,95240,ipe,RS
1f7fd2a6fcd5a6fa5d8a4dabc72aaae0,95800,venancio aires,RS
236585a4ddb5fea9fa40233e2249ed91,95088,caxias do sul,RS
28872dc528e978a639754bc8c2ce5a4c,95070,caxias do sul,RS
29c322e3f09f886f8bacbe91dfbd979e,97110,santa maria,RS
2aafae69bf4c41fbd94053d9413e87ee,91901,porto alegre,RS
2c2c9832d1bb38c5b0034a3b47d313ee,97050,santa maria,RS
2ec6e37d992a95eaddb3369dcbcc76d9,91310,porto alegre,RS
30829ded4523ab9224b93bc49a62c95f,95360,parai,RS
32f83ffe11cd40f7adcf4eef171f52d9,97502,uruguaiana,RS
33a17d60c64393351ebf1ef860f4e0f2,91510,porto alegre,RS
33cbbec1e7e1044aaf11d152172c776f,95705,bento goncalves,RS
33fd411ed63a7c2f9005e3f065d9f85d,98290,condor,RS
34f563c82a85b99ae9e6d60db5fc2e28,93700,campo bom,RS
353e21e8bf8de2722b4fae1636664b76,92120,canoas,RS
35b96509602ec4b7da831b5cd73ff2c2,93040,sao leopoldo,RS
3985a3c45be355a4c57fde108bfabd1c,95690,rolante,RS
3fadb4cba4c35bce6a7eaf9872d5623a,95013,caxias do sul,RS
417a1e6c7321084d2a0ae0d023cfad93,95885,imigrante,RS
42fa4ee7240e9b8eb4576358ec142ba7,95012,caxias do sul,RS
4391ea5c5990502176a1dcda44a2373d,91910,porto alegre,RS
44717f64ec2a457979cf83c429077666,98780,santa rosa,RS
447d377bdb757058acb569025ee18a93,99500,carazinho,RS
44ed138eca6214d572ce1d813fb0049b,92010,canoas,RS
458d868c9642f55f18f04e951a3fdde6,90670,porto alegre,RS
48328ec9a579151d9cc6a86d4a59336c,92310,canoas,RS
48985c61529077fa4f1e38bcff0f2ed3,90020,porto alegre,RS
48e954b2da4f6a750c844173b347ed40,91740,porto alegre,RS
499185655c29ecfdbfe776ef7cf875b5,90520,porto alegre,RS
4b90495391ac0bd181a80a459df1e718,96400,bage,RS
4bde6149c15cf7e177b36fa060dd6de8,99500,carazinho,RS
4dab98ca6cd6d3df586203cefd28a042,91150,porto alegre,RS
4e92348462c75b6c842b994ce84a0ed4,94930,cachoeirinha,RS
4fae87d32467e18eb46e4a76a0a0b9ce,99670,ronda alta,RS
51e4e89242cbb846c2deff3dc015650e,96203,rio grande,RS
034b9387752bfa309f350a70cd45ffa3,89036,blumenau,SC
0417b067eeab773d2f7061a726dc477f,89288,sao bento do sul,SC
04308b1ee57b6625f47df1d56f00eedf,88215,bombinhas,SC
052577151711aec5c744fe12e66db3e1,89136,rodeio,SC
05730013efda596306417c3b09302475,88813,criciuma,SC
0b36063d5818f81ccb94b54adfaebbf5,89255,jaragua do sul,SC
0e982cff76cc0579f632cea8a0e38c9d,88316,itajai,SC
0f94588695d71662beec8d883ffacf09,88037,florianopolis,SC
11938fcc75f6902fea1d0a6f72b54a57,89900,sao miguel d'oeste,SC
152ee17e4c8aaf53dac99f3462e4999b,89248,garuva,SC
166e8f1381e09651983c38b1f6f91c11,88780,imbituba,SC
184a67a8f9f63234d3a92340bbdb727f,89220,joinville,SC
186cdd1b2df32caa72cfb410bba768d3,89295,rio negrinho,SC
19d62d484cba71963c93f0f00ab42013,89114,gaspar,SC
1a3df491d1c4f1589fc2b934ada68bf2,89224,joinville,SC
1a8e2d9c38b84a9702ac7922924b0573,89245,araquari,SC
1b4c3a6f53068f0b6944d2d005c9fc89,88730,sao ludgero,SC
1b65c144b17e607c0f37f10bb7dfec8d,89160,rio do sul,SC
1bc2e21de46adfea6b98cc96b00f3b40,89228,joinville,SC
1ce3ae5a399804d1a87e706f8a813c3e,88715,jaguaruna,SC
1d0646a72178a6fb37ee8082140e06ec,89203,joinville,SC
1d1bbb8ac1581824986f582583fff01d,89082,indaial,SC
1fe61aa5494bd3ae92a2c13e067c810f,89540,santa cecilia,SC
262237171f48e85819065498cac80d7b,88352,brusque,SC
278b6e0b20c4f61fefaa0577943d7a35,88316,itajai,SC
29fe9f200d3fa0c668d2aa1ec7e08dfb,88330,balneario camboriu,SC
2a6fbeaa7ab9e5d59a35841a8da71ce4,89259,jaragua do sul,SC
2be17df1c49978426251562096c3cc09,88704,tubarao,SC
2d378dbb39815785238c0139c7647fb7,89240,sao francisco do sul,SC
2ef086a599b597572aca4433b7ed6b3d,89256,jaragua do sul,SC
2f1e7b90e01d9f086cbcb301c0c3d406,89022,blumenau,SC
2f3d8b4c9e2ee165075331fea3f3095a,88107,sao jose,SC
2fdde51ad3e12f297da656d4fbd5d0b5,89228,joinville,SC
32b8764b4ef628b53608fc34011fcc13,88504,lages,SC
33cbda8716511e27e556dff9d8418bf2,89052,blumenau,SC
33d677f27a69b84051204ee4ae76eaca,89218,joinville,SC
344223b2a90784f64136a8a5da012e7f,89117,gaspar,SC
35ef5aa32949680f627efec3c23e705c,88960,sombrio,SC
392353362d22cc2c236e1ee81ff19890,89069,blumenau,SC
3bb32fedaa74e4ad20f4ce067733bd31,88210,porto belo,SC
3c3017960b2dbd72711a61f0400aab8f,89251,jaragua do sul,SC
3d0cd21d41671c46f82cd11176bf7277,89217,joinville,SC
3d68c634a99a1ba46dbca3967a69c623,88270,nova trento,SC
3f8247d0f772ffa58560e5c682521ad5,89211,joinville,SC
455c5640e8c5bd1b2ee85c0158f85727,89128,luiz alves,SC
485452467ff670447e84a8370c3fc898,89190,taio,SC
4917cee8d902e13428c3ec4b1ca6f315,89031,blumenau,SC
4aba6a02a788d3ec81c03137144d9a80,89460,canoinhas,SC
519a7aa428f18d125a283cf8c014fdd6,89180,rio do oeste,SC
4b39558c138930b9e5489c93b6df5fe3,49055,aracaju,SE
002100f778ceb8431b7a1020ff7ab48f,14405,franca,SP
004c9cd9d87a3c30c522c48c4fc07416,14940,ibitinga,SP
00720abe85ba0859807595bbf045a33b,7070,guarulhos,SP
00ab3eff1b5192e5f1a63bcecfee11c8,4164,sao paulo,SP
00ee68308b45bc5e2660cd833c3f81cc,3333,sao paulo,SP
010543a62bd80aa422851e79a3bc7540,1212,sao paulo,SP
010da0602d7774602cd1b3f5fb7b709e,9710,sao bernardo do campo,SP
011b0eaba87386a2ae96a7d32bb531d1,17580,pompeia,SP
0176f73cc1195f367f7b32db1e5b3aa8,14940,ibitinga,SP
01c97ebb5cdac52891c0ed1c37ba0012,15804,catanduva,SP
01ed254b9ff8407dfb9d99ba1e17d923,8710,mogi das cruzes,SP
01fd077212124329bac32490e8ef80d9,14079,ribeirao preto / sao paulo,SP
0249d282d911d23cb8b869ab49c99f53,5676,sao paulo,SP
024b564ae893ce8e9bfa02c10a401ece,3280,sao paulo,SP
02b72cdeb9cfcc429f1af6f4e3f3b737,14940,ibitinga,SP
02c988090b766852e088c69d7fb3b551,13473,americana,SP
02ecc2a19303f05e59ce133fd923fff7,9121,santo andre,SP
02f623a8eb246f3c5f7c2f96462654e6,18611,botucatu,SP
0307f7565ff85b299b6e5ef162b1b1a9,15085,sao jose do rio preto,SP
0336182e1b3e92f029d5354832045fdf,14940,ibitinga,SP
038b75b729c8a9a04b0d07cba7eabe86,12231,sao jose dos campos,SP
039b29ff3b3473435d0cd59040575de9,9443,ribeirao pires,SP
039e6ad9dae79614493083e241147386,3560,sao paulo,SP
03a2a6dcbe45d639c4dc2a0d24769c40,9340,maua,SP
042573af89b6d931f672efaf789d8358,18015,sorocaba,SP
0432ead42b6c8a0bdf68154add917fdf,9320,maua,SP
044668ccd5316b12a7cf0d54a156e3e9,6016,osasco,SP
048c2757535328e0d7dac690ad3c0aae,14406,franca,SP
04aa0a1c5ce6b222003403a3e11c3cc0,13150,cosmopolis,SP
04e38a233f726ef161074ab1c9b0399a,1239,sao paulo,SP
04fdea0c111866e6cf812f1570d6b5bd,8411,sao paulo,SP
054694fa03fe82cec4b7551487331d74,15840,itajobi,SP
0570350b23eda5444f8d1d9544932058,5104,sao paulo,SP
058fd0aa2bfdb2274e05e1ae971dabb6,9020,santo andre,SP
05a48cc8859962767935ab9087417fbb,5372,sao paulo,SP
05aebce0b5c8f0d41b29b686f2d05fd3,3962,sao paulo,SP
05ca864204d09595ae591b93ea9cf93d,6465,barueri,SP
05e107217c7266362fd44b75b2cd4cc4,5353,sao paulo - sp,SP
05feb94f19d094d4b0f9281f0b1d4c99,8752,mogi das cruzes,SP
062c325cd6a2b87845fab56b4ec2eeae,8150,sao paulo,SP
06579cb253ecd5a3a12a9e6eb6bf8f47,4007,sao paulo - sp,SP
0692610d8abe24f287e9fae90ea0bbee,2310,sao paulo,SP
070d165398b553f3b4b851c216b8a358,3916,sao paulo,SP
0725b8c0f3f906e58f70cbe76b7c748c,7023,guarulhos,SP
0743a0239d764b9a0f959a57d07e36ab,3138,sao paulo,SP
0761743cbffb25d7148189e9f1a5f03a,14096,ribeirao preto,SP
077c5fae4bea9500e3737b16f71b9d3a,18052,sorocaba,SP
079d295dcbf06ee8bb1b65ba964eb2b6,2124,sao paulo,SP
07a9bc7f61396b658ddf3ac534efe44c,2925,sao paulo,SP
07bf9669d84d1f11be443a9dd938f698,4761,sao paulo,SP
07d75e33f2750d97d467fb57e4dfdd8a,2117,sao paulo,SP
07de60b03d150fb3ea09eab5da5e4c8b,14940,ibitinga,SP
07e8e8fc5222bb358e6f259da3197074,4216,sao paulo,SP
080199a181c46c657dc5aa235411be3b,6097,osasco,SP
08061dc0fc165ed41288cc7acde738ee,6036,osasco,SP
08084d990eb3f53af056ccbc1730c8a7,3612,sao paulo,SP
082e0bf4cb865a6533b1e8e498cc0255,18608,botucatu,SP
085f6f7e049c996695fb2074fe38d45e,12020,taubate,SP
08633c14ef2db992c11f840f04fad4cd,9416,ribeirao pires,SP
0873d9f8f36123f8d910f4760e788cfb,6465,barueri,SP
0885aaf116795758dfeb5f1032487bcd,8541,ferraz de vasconcelos,SP
0887a9f087bcd5d9f6642b52f897fc6c,11990,cananeia,SP
08ad4ac1388e4420ca531c3edfc46198,6663,itapevi,SP
08d2d642cf72b622b14dde1d2f5eb2f5,17512,marilia,SP
08f5819815f3d06545011850bd70f0a8,11075,santos,SP
0936e1837d0c79253456bbb2ffaaef10,2050,sao paulo,SP
093805f8f2aeb63881444571e1f48f30,6236,osasco,SP
094ced053e257ae8cae57205592d6712,14095,ribeirao preto,SP
0951a6e282947e09cd47969f4ed0b47f,6763,taboao da serra,SP
09883d9ab71c8fe8a9bfc7fc3075b07e,8180,sao paulo,SP
099095b050cfe8eb1ddff5317587e96e,3322,sao paulo,SP
09bad886111255c5b5030314fc7f1a4a,1022,sao paulo,SP
09f952a5f58d2285b0372551ae8f9b01,9725,sao bernardo do campo,SP
0a82f5fb06a4fe4ac2cf7cb412ec71b8,5524,sao paulo,SP
0a85ebe4e328db81ac9109781205e2f7,13205,jundiai,SP
0aa2205ca24f113f4658a5c536667426,4281,sao paulo,SP
0ac4201fda2c68ebc0e47cb9423cf3c9,3345,sao paulo,SP
0adac9fbd9a2b63cccaac4f8756c1ca8,13290,louveira,SP
0aea4c6ae1505b3228ddf3dd7822ee5b,18080,sorocaba,SP
0af2ab31141893d26aca5a404a537dab,3431,sao paulo,SP
0af977692321d895349eded183341d28,11070,santos,SP
0b09101900100c0e9d312861fad5a1b9,3168,sao paulo,SP
0b0ddbc7b9d9584f442c7ac92b0ff6c9,7052,guarulhos,SP
0b18d63d0cd1d723567903fd34a07df2,5141,sp,SP
0b1ca3ef18a63d7eb0c8897fa0849c08,18131,sao roque,SP
0b3f27369a4d8df98f7eb91077e438ac,7412,aruja,SP
0bae85eb84b9fb3bd773911e89288d54,88301,itajai,SP
